state,fuel,units,key,Jan-08,Feb-08,Mar-08,Apr-08,May-08,Jun-08,Jul-08,Aug-08,Sep-08,Oct-08,Nov-08,Dec-08,Jan-09,Feb-09,Mar-09,Apr-09,May-09,Jun-09,Jul-09,Aug-09,Sep-09,Oct-09,Nov-09,Dec-09,Jan-10,Feb-10,Mar-10,Apr-10,May-10,Jun-10,Jul-10,Aug-10,Sep-10,Oct-10,Nov-10,Dec-10,Jan-11,Feb-11,Mar-11,Apr-11,May-11,Jun-11,Jul-11,Aug-11,Sep-11,Oct-11,Nov-11,Dec-11,Jan-12,Feb-12,Mar-12,Apr-12,May-12,Jun-12,Jul-12,Aug-12,Sep-12,Oct-12,Nov-12,Dec-12,Jan-13,Feb-13,Mar-13,Apr-13,May-13,Jun-13,Jul-13,Aug-13,Sep-13,Oct-13,Nov-13,Dec-13,Jan-14,Feb-14,Mar-14,Apr-14,May-14,Jun-14,Jul-14,Aug-14,Sep-14,Oct-14,Nov-14,Dec-14,Jan-15,Feb-15,Mar-15,Apr-15,May-15,Jun-15,Jul-15,Aug-15,Sep-15,Oct-15,Nov-15,Dec-15,Jan-16,Feb-16,Mar-16,Apr-16,May-16,Jun-16,Jul-16,Aug-16,Sep-16,Oct-16,Nov-16,Dec-16,Jan-17,Feb-17,Mar-17,Apr-17,May-17,Jun-17,Jul-17,Aug-17,Sep-17,Oct-17,Nov-17,Dec-17,Jan-18,Feb-18,Mar-18,Apr-18,May-18,Jun-18,Jul-18,Aug-18,Sep-18,Oct-18,Nov-18,Dec-18,Jan-19
Connecticut , petroleum liquids,dollars per barrels,ELEC.COST.PEL-CT-99.M,W,W,W,W,W,W,W,W,W,W,W,W,W,W,W,W,W,W,W,W,W,W,W,W,W,W,W,W,W,W,W,W,W,W,W,W,W,W,W,W,W,W,129.97,W,W,W,W,W,W,W,W,W,W,W,W,W,W,157.4,150.67,138.12,145.17,W,W,W,W,W,137.75,0,W,W,W,W,W,W,158.4,153.42,W,W,W,W,W,W,W,W,89.02,W,96.41,0,W,W,W,W,W,W,W,W,W,50.52,W,W,0,0,W,62.37,67.96,0,W,W,82.41,W,W,W,W,W,W,W,W,W,93.59,W,W,W,W,W,W,W,W,W,W,W,W,W,W
Maine , petroleum liquids,dollars per barrels,ELEC.COST.PEL-ME-99.M,W,W,W,W,W,W,W,W,W,W,W,W,W,W,W,W,W,W,W,W,W,W,W,W,W,W,W,W,W,W,W,W,W,W,W,W,87.62,92.26,107.92,111.37,NM,116.75,114.47,88.05,109.91,111.77,NM,NM,W,W,W,W,103.84,W,W,W,W,W,W,W,W,W,W,W,W,W,W,W,W,W,W,W,120.1,W,W,W,W,W,W,W,W,W,W,W,W,W,W,W,W,W,W,W,W,W,W,W,W,W,W,W,W,W,W,W,W,W,W,W,W,W,W,W,W,W,W,W,W,W,W,W,W,W,W,W,W,W,W,W,W,W,W,W,W
Massachusetts , petroleum liquids,dollars per barrels,ELEC.COST.PEL-MA-99.M,W,W,W,W,W,W,W,W,W,W,W,W,W,W,W,W,W,W,W,W,W,W,W,W,W,W,W,W,W,W,W,W,W,W,W,W,113.77,104.07,W,121.89,134.94,W,117.92,W,121.17,123.61,129.07,128.73,W,W,W,W,W,W,W,W,W,W,117.04,W,W,127.52,W,W,W,W,W,W,W,W,104.51,115.19,122.53,W,127.38,W,W,W,W,W,W,100.44,W,W,W,W,W,W,W,W,W,W,50.49,51.34,58.74,W,W,W,W,W,W,W,0,W,W,W,W,W,W,W,W,W,W,W,W,W,W,W,W,W,W,W,0,0,W,W,W,W,W,W,W,0,0
New Hampshire , petroleum liquids,dollars per barrels,ELEC.COST.PEL-NH-99.M,W,W,W,W,W,W,W,W,W,W,W,W,W,W,W,W,W,W,W,W,W,W,W,W,W,W,W,W,W,W,W,W,W,W,W,W,NM,NM,W,W,W,NM,NM,NM,W,W,W,W,W,W,W,W,W,W,W,134.2,W,W,W,W,W,W,W,W,W,W,W,W,W,W,W,W,W,W,W,W,W,W,W,W,W,W,W,W,W,W,W,W,W,W,W,W,W,0,W,W,W,W,W,0,W,W,W,W,W,W,W,W,W,W,W,0,W,W,W,0,0,W,W,W,W,W,W,W,W,W,W,W,W,W,W,W,W
Rhode Island , petroleum liquids,dollars per barrels,ELEC.COST.PEL-RI-99.M,W,W,W,W,W,W,W,W,W,W,W,W,W,W,W,W,W,W,W,W,W,W,W,W,W,W,W,W,W,W,W,W,W,W,W,W,W,W,NM,W,NM,W,W,W,W,W,NM,W,0,0,0,0,0,0,0,0,0,0,0,0,0,W,0,0,0,0,0,0,0,0,W,W,W,0,W,W,0,0,W,0,0,W,0,0,0,W,W,0,0,0,0,0,W,0,W,0,W,W,W,0,0,0,0,0,0,0,W,0,W,W,W,W,W,W,W,W,W,W,W,W,W,0,0,0,0,0,0,0,0,0,0,0,0
Vermont , petroleum liquids,dollars per barrels,ELEC.COST.PEL-VT-99.M,W,W,W,W,W,W,W,W,W,W,W,W,W,W,W,W,W,W,W,W,W,W,W,W,W,W,W,W,W,W,W,W,W,W,W,W,W,W,W,W,W,W,W,W,W,W,W,W,0,0,0,0,0,0,0,W,0,0,0,0,0,0,0,0,0,0,0,0,0,0,0,0,0,0,0,0,0,0,0,0,0,0,0,0,0,0,0,0,0,0,0,0,0,0,0,0,0,0,0,0,0,0,0,0,0,0,0,0,0,0,0,0,0,0,0,0,0,0,0,0,0,0,0,0,0,0,0,0,0,0,0,0,0
New Jersey , petroleum liquids,dollars per barrels,ELEC.COST.PEL-NJ-99.M,W,W,W,W,W,W,W,W,W,W,W,W,W,W,W,W,W,W,W,W,W,W,W,W,W,W,W,W,W,W,W,W,W,W,W,W,103.72,NM,NM,NM,119.9,W,131.13,132.77,NM,125.56,92.24,NM,W,142.73,W,W,W,W,W,139.4,138.36,137.41,W,W,W,W,91.98,W,118.21,W,W,129.67,W,W,W,131.9,144.48,139.99,W,136.49,W,W,W,123.8,W,W,W,W,73,W,W,W,W,W,W,65.53,W,W,60.62,49.77,W,W,W,W,W,W,W,W,W,W,W,54.66,W,W,W,W,W,W,W,W,W,W,0,W,W,W,W,W,W,W,W,W,W,W,W,W,W
New York , petroleum liquids,dollars per barrels,ELEC.COST.PEL-NY-99.M,W,W,W,W,W,W,W,W,W,W,W,W,W,W,W,W,W,W,W,W,W,W,W,W,W,W,W,W,W,W,W,W,W,W,W,W,104.58,W,116.37,W,W,W,136,120.84,127.37,120.6,112.43,132.69,W,W,W,W,145.82,W,132.36,139.55,W,W,W,W,129.47,W,W,110.45,W,W,W,W,W,124.72,W,W,W,W,W,W,W,W,W,W,W,W,W,67.68,78.96,W,W,W,W,W,81.27,W,W,W,W,W,W,36.52,W,W,W,76.21,W,69.52,67.56,W,W,W,W,W,W,101.01,W,67.88,W,W,W,W,W,W,W,W,W,0,W,W,W,W,W,W,W,W,72.56
Pennsylvania , petroleum liquids,dollars per barrels,ELEC.COST.PEL-PA-99.M,W,W,W,W,W,W,W,W,W,W,W,W,W,W,W,W,W,W,W,W,W,W,W,W,W,W,W,W,W,W,W,W,W,W,W,W,114.63,W,134.05,W,W,W,130.03,122.8,128.76,127.1,128.81,129.09,W,W,W,W,W,W,W,W,W,W,W,W,W,W,W,W,W,W,W,W,W,W,W,W,W,W,W,W,W,W,W,W,W,W,W,W,W,W,W,W,W,W,W,W,W,W,W,W,W,W,W,W,W,W,W,W,W,W,W,W,W,W,W,W,W,W,W,W,79.58,W,W,W,W,W,W,W,92.88,W,W,W,86.82,W,W,W,W
Illinois , petroleum liquids,dollars per barrels,ELEC.COST.PEL-IL-99.M,W,W,W,W,W,W,W,W,W,W,W,W,W,W,W,W,W,W,W,W,W,W,W,W,W,W,W,W,W,W,W,W,W,W,W,W,120.6,W,W,148.22,W,138.35,W,140.62,W,W,W,W,W,142.01,149.96,W,139.16,124.63,131.54,W,140.68,W,141.8,138.67,W,145.68,W,134.33,137.61,W,W,135.64,W,134.99,131.43,W,W,142.36,W,136.21,134.35,W,W,132.81,126.7,W,W,95.85,76.16,W,87.46,81.85,W,85.1,W,74.54,74.2,W,67.26,W,W,W,W,60.9,72.84,75.05,64.72,66.88,W,W,66.19,70.7,79.98,79.58,77.74,79.93,75.85,73.18,75.82,81.37,W,93.4,W,W,96.33,W,86.71,W,W,94.51,W,W,103.14,106.68,98.56,W,108.31
Indiana , petroleum liquids,dollars per barrels,ELEC.COST.PEL-IN-99.M,W,W,W,W,W,W,W,W,W,W,W,W,W,W,W,W,W,W,W,W,W,W,W,W,W,W,W,W,W,W,W,W,W,W,W,W,107.7,107.23,123.81,134.69,130.34,129.23,129.97,124.23,124.81,127.09,130.66,117.31,W,W,W,W,130.86,W,W,W,W,W,W,W,132.88,142.54,134.57,131.02,133.66,124.43,128.32,131.79,132.37,132.7,131.18,132.22,130.79,142.51,139.65,137.55,131.35,128.5,127.2,123.32,123.4,118.83,128.04,99.48,75.41,88.8,83.71,77.76,89.76,87.49,77.03,78.97,72.04,79.34,69.52,56.16,49.65,48.78,56.18,59.69,63.08,68.33,64.51,64.25,63.85,69.68,64.6,72.95,70.66,72.2,72.33,70.27,69.79,64.72,66.97,74.65,81.26,84.85,W,W,93.66,W,84.69,92.88,98.25,96.96,W,95.44,97.37,103.46,95.59,77.46,78.49
Michigan , petroleum liquids,dollars per barrels,ELEC.COST.PEL-MI-99.M,W,W,W,W,W,W,W,W,W,W,W,W,W,W,W,W,W,W,W,W,W,W,W,W,W,W,W,W,W,W,W,W,W,W,W,W,NM,W,132.04,140.61,133.79,135.14,134.74,W,132.44,132.91,137.46,NM,W,W,W,W,W,W,W,W,W,W,W,W,W,W,W,W,W,W,130.53,W,W,W,W,W,W,W,W,W,W,W,W,W,W,W,W,W,W,W,W,W,W,W,W,W,W,W,W,W,W,W,W,W,W,W,W,W,W,W,W,W,W,W,W,W,W,W,W,W,W,W,W,W,W,W,W,W,W,W,W,W,W,W,W,W,W
Ohio , petroleum liquids,dollars per barrels,ELEC.COST.PEL-OH-99.M,W,W,W,W,W,W,W,W,W,W,W,W,W,W,W,W,W,W,W,W,W,W,W,W,W,W,W,W,W,W,W,W,W,W,W,W,W,W,W,W,W,W,135.3,W,130.89,130.24,W,W,W,W,W,139.6,W,W,W,W,W,W,143.51,W,W,W,W,W,W,W,W,W,135.99,W,W,W,144.87,W,W,W,W,W,W,W,W,W,W,W,W,W,W,W,W,W,W,W,W,80.24,W,W,W,W,57.83,W,W,W,W,W,W,67.93,W,W,75.35,W,W,W,W,W,W,W,85.48,W,W,W,W,W,W,W,W,96.84,W,97.82,W,W,W,W,W
Wisconsin , petroleum liquids,dollars per barrels,ELEC.COST.PEL-WI-99.M,W,W,W,W,W,W,W,W,W,W,W,W,W,W,W,W,W,W,W,W,W,W,W,W,W,W,W,W,W,W,W,W,W,W,W,W,W,W,W,W,W,W,W,W,W,W,W,W,124.02,W,92.09,W,W,W,125.3,W,W,W,W,130.67,W,W,W,W,W,W,W,129.27,W,W,W,128.71,W,W,W,133.45,W,W,W,123.67,W,W,W,107.53,W,W,W,77.28,W,W,W,W,W,W,W,W,W,W,W,W,W,69.74,66.95,66.04,W,0,W,70.55,72.04,72,W,W,W,67.93,66.34,72.42,88.28,84.58,W,W,111.13,0,W,86.6,W,114.77,0,W,W,106.46,W,W,W
Iowa , petroleum liquids,dollars per barrels,ELEC.COST.PEL-IA-99.M,W,W,W,W,W,W,W,W,W,W,W,W,W,W,W,W,W,W,W,W,W,W,W,W,W,W,W,W,W,W,W,W,W,W,W,W,NM,W,W,141.7,W,W,W,W,W,W,141.57,125.46,W,133.42,139.44,136.75,130.12,132.17,126.94,W,138.36,W,130.73,130.11,130.58,141.14,133.93,W,129.41,114.99,127.84,132.15,133.3,130.27,128.9,128.6,126.9,134.67,129.71,130.96,129.22,126.73,127.21,W,W,119.86,121.79,W,W,W,80.93,77.37,W,79.73,W,W,W,W,70.51,W,45.55,W,59.1,W,63.29,66.6,W,W,65.91,72.09,64.54,68.98,W,W,W,W,69.54,63.23,W,74.51,80.25,82.6,84.2,82.57,90.07,W,96.22,89.62,W,94.09,97.07,W,W,104.36,95.82,81.27,78.58
Kansas , petroleum liquids,dollars per barrels,ELEC.COST.PEL-KS-99.M,W,W,W,W,W,W,W,W,W,W,W,W,W,W,W,W,W,W,W,W,W,W,W,W,W,W,W,W,W,W,W,W,W,W,W,W,NM,119.13,NM,NM,NM,NM,NM,NM,NM,128.97,NM,NM,W,134.93,0,W,W,102.86,127.73,W,W,W,W,W,W,W,W,W,W,W,W,W,W,W,W,127.69,W,W,W,W,128.82,W,W,W,W,W,W,91.07,W,82.73,W,W,W,0,W,W,W,W,W,56.76,W,0,0,0,W,W,W,0,W,0,62.69,W,72.14,W,W,W,66.42,W,W,W,W,81.81,85.64,82.53,W,W,W,W,101.93,W,W,W,W,W,W,W,W
Minnesota , petroleum liquids,dollars per barrels,ELEC.COST.PEL-MN-99.M,W,W,W,W,W,W,W,W,W,W,W,W,W,W,W,W,W,W,W,W,W,W,W,W,W,W,W,W,W,W,W,W,W,W,W,W,NM,NM,W,NM,W,NM,W,NM,NM,NM,W,NM,W,W,W,W,W,W,W,W,W,W,W,W,W,W,W,W,W,W,W,W,W,W,W,W,W,W,W,W,W,W,W,W,W,W,W,W,W,82.94,W,W,W,W,79.66,W,W,79.23,W,44.7,W,W,56.02,W,W,W,W,W,W,W,W,W,74.75,70.61,71.65,76.17,W,64.29,69.82,73.91,80.79,W,W,87.85,90.56,W,W,W,W,W,W,W,W,W,W,W,W
Missouri , petroleum liquids,dollars per barrels,ELEC.COST.PEL-MO-99.M,W,W,W,W,W,W,W,W,W,W,W,W,W,W,W,W,W,W,W,W,W,W,W,W,W,W,W,W,W,W,W,W,W,W,W,W,113.03,116.2,126.99,129.82,129.94,131.51,122.06,114.03,W,111.68,123.19,117.71,109.16,112.76,124.3,97.65,112.47,85.08,111.88,92.3,90.04,125.1,W,119.58,123.21,138.03,133.27,120.47,127.72,121.36,128.84,129.52,135.61,126.28,128.15,127.39,127.22,131.79,130.27,129.28,127.77,127.69,123.72,126.05,119.29,115.96,117.24,90.6,64.42,84.1,79.77,76.31,85.97,81.8,77.28,70.74,70.05,82.97,66.98,53.79,46.47,46.57,53.32,55.54,64.27,67.31,64.17,68.06,W,68.66,65.2,70.87,73.77,70.95,69.45,73.22,68.16,62.58,68.24,74.61,82.15,82.3,85.86,85.27,91.17,86.75,84.63,89.12,96.84,95.42,97.49,94.64,100.62,104.85,90.34,76.14,75.85
Nebraska , petroleum liquids,dollars per barrels,ELEC.COST.PEL-NE-99.M,W,W,W,W,W,W,W,W,W,W,W,W,W,W,W,W,W,W,W,W,W,W,W,W,W,W,W,W,W,W,W,W,W,W,W,W,NM,NM,W,W,NM,W,NM,NM,NM,NM,141.96,124.89,W,W,W,W,W,W,W,W,W,W,136.14,0,W,W,W,W,W,W,W,W,W,W,W,W,W,W,W,W,W,W,W,0,W,W,W,W,0,0,0,0,0,0,0,W,0,0,W,W,0,0,0,W,0,W,0,W,0,W,0,W,W,W,W,W,W,W,W,W,W,W,W,W,W,0,0,W,0,W,0,0,W,0,0,0,W
North Dakota , petroleum liquids,dollars per barrels,ELEC.COST.PEL-ND-99.M,W,W,W,W,W,W,W,W,W,W,W,W,W,W,W,W,W,W,W,W,W,W,W,W,W,W,W,W,W,W,W,W,W,W,W,W,W,W,W,W,W,W,W,W,W,W,W,W,W,138.48,146.98,146.8,135.3,W,W,147.56,148.02,W,139.41,W,128.26,140.69,140.48,134.56,W,W,133.66,137.3,138.05,137.12,W,136.36,131.63,W,W,W,130.96,156.76,W,W,130.39,126.55,W,95.6,69.74,W,74.83,74.19,79.32,W,77.35,W,69.19,W,64.75,57.96,W,38.83,45.84,47.07,W,W,W,54.16,W,W,W,64.7,W,71.3,W,W,W,68.7,W,W,W,0,89.73,W,88.5,W,W,W,100.3,96.43,W,97.18,W,W,88.98,75.54,78.5
South Dakota , petroleum liquids,dollars per barrels,ELEC.COST.PEL-SD-99.M,W,W,W,W,W,W,W,W,W,W,W,W,W,W,W,W,W,W,W,W,W,W,W,W,W,W,W,W,W,W,W,W,W,W,W,W,W,W,W,W,W,W,W,W,W,W,W,W,0,0,0,0,0,W,0,0,0,0,0,0,0,0,W,0,0,0,0,0,W,0,0,W,W,0,0,0,0,W,0,0,0,0,0,0,W,0,0,0,0,0,0,W,0,W,0,0,W,0,0,0,0,0,0,0,0,0,W,0,0,0,W,0,0,0,0,0,0,0,0,0,0,0,0,0,W,W,W,0,0,W,0,0,0
Delaware , petroleum liquids,dollars per barrels,ELEC.COST.PEL-DE-99.M,W,W,W,W,W,W,W,W,W,W,W,W,W,W,W,W,W,W,W,W,W,W,W,W,W,W,W,W,W,W,W,W,W,W,W,W,W,122.36,W,W,NM,NM,137.48,NM,131.41,W,W,W,W,W,W,W,W,W,W,W,W,W,W,W,W,W,W,W,W,0,W,W,W,0,0,W,W,W,W,W,W,W,W,0,W,0,0,W,W,W,0,W,W,W,W,W,W,0,W,W,W,0,0,W,0,W,W,W,W,0,0,W,W,W,0,W,0,W,W,W,0,W,0,W,W,W,0,0,W,W,W,W,W,0,0,W,0
District Of Columbia , petroleum liquids,dollars per barrels,ELEC.COST.PEL-DC-99.M,W,W,W,W,W,W,W,W,W,W,W,W,W,W,W,W,W,W,W,W,W,W,W,W,W,W,W,W,W,W,W,W,W,W,W,W,W,0,0,0,0,W,W,W,W,0,0,0,0,0,0,0,W,0,0,0,0,0,0,0,0,0,0,0,0,0,0,0,0,0,0,0,0,0,0,0,0,0,0,0,0,0,0,0,0,0,0,0,0,0,0,0,0,0,0,0,0,0,0,0,0,0,0,0,0,0,0,0,0,0,0,0,0,0,0,0,0,0,0,0,0,0,0,0,0,0,0,0,0,0,0,0,0
Florida , petroleum liquids,dollars per barrels,ELEC.COST.PEL-FL-99.M,W,W,W,W,W,W,W,W,W,W,W,W,W,W,W,W,W,W,W,W,W,W,W,W,W,W,W,W,W,W,W,W,W,W,W,W,90.88,113.43,115.22,113.27,102.37,133.2,129.22,120.71,109.71,127.53,NM,NM,122.54,W,131.87,137.63,129.67,115.39,110.25,120.36,136.85,136.59,108.97,W,W,W,W,129.77,113.84,129.5,134.1,106.36,W,W,W,138.9,W,133.49,134.33,139.25,136.47,137.59,132.13,129.79,127.51,107.23,116.42,W,W,W,W,97.94,94.76,82.11,W,67.47,W,W,W,W,W,W,W,W,54.7,77.67,W,W,W,W,W,W,W,W,W,W,W,W,W,W,W,W,W,89.98,W,W,W,W,W,96.8,W,W,W,W,W,W,W
Georgia , petroleum liquids,dollars per barrels,ELEC.COST.PEL-GA-99.M,W,W,W,W,W,W,W,W,W,W,W,W,W,W,W,W,W,W,W,W,W,W,W,W,W,W,W,W,W,W,W,W,W,W,W,W,100.63,105.81,114.18,123.79,NM,W,127.24,120.58,128.76,127.26,NM,128.45,W,W,132.17,W,129.02,116.15,115.73,123.36,125.59,W,119.2,130.19,W,135.76,132.61,W,W,W,W,W,W,W,130.97,W,129.34,W,135.61,W,W,W,W,W,112.88,W,111.89,90.59,W,W,W,W,W,W,W,W,W,67.64,W,W,W,W,W,W,57.84,W,W,W,W,W,60.23,W,68.79,65.04,63.93,70.22,65.84,59.79,64.93,W,70.84,71.25,W,70.33,87.5,W,W,90.96,96.72,91.37,92.78,W,W,W,W,W,77.12
Maryland , petroleum liquids,dollars per barrels,ELEC.COST.PEL-MD-99.M,W,W,W,W,W,W,W,W,W,W,W,W,W,W,W,W,W,W,W,W,W,W,W,W,W,W,W,W,W,W,W,W,W,W,W,W,W,W,W,W,W,W,W,W,W,W,W,W,W,W,W,W,W,W,W,W,W,97.39,W,W,132.67,137.61,128.65,122.74,117.87,W,124.19,127.52,W,W,W,130.57,131.2,131.89,128.22,127.07,110.99,128.1,123.47,121.1,118.75,W,105.31,91.37,64.38,W,78.53,77.63,W,70.19,63,64.82,63.22,55.49,61.83,W,38.01,43.5,W,W,56.88,W,W,59,61.26,W,63.76,68.54,W,W,W,W,66.9,62.28,59.75,68.41,W,70.45,W,W,83.78,83.09,W,W,W,W,W,W,W,W,94.6,74.85,W
North Carolina , petroleum liquids,dollars per barrels,ELEC.COST.PEL-NC-99.M,W,W,W,W,W,W,W,W,W,W,W,W,W,W,W,W,W,W,W,W,W,W,W,W,W,W,W,W,W,W,W,W,W,W,W,W,103.66,98.83,117.75,123.2,NM,124.74,W,112.36,W,122.39,125.67,119.93,126.64,126.49,126.98,124.7,120.96,106.53,118.29,132.45,121.16,125.61,131.13,135.55,133.46,W,129.55,125.97,W,124.39,129.02,129.17,128.38,128.85,122.48,126.4,W,135.86,131.48,130.16,126.02,125.61,W,122.84,W,108.97,W,93.66,80.25,90.16,88.46,W,89.31,85.03,78.47,69.15,70.16,68.54,63.15,55.43,49.76,52.89,59.67,62.83,69.68,74.12,69.79,W,72.87,78.02,W,81.85,72.55,77.46,72.87,71.3,69.11,66.47,W,75.47,83.42,79.64,83.38,85.29,W,W,W,W,W,W,W,W,W,W,W,W,W
South Carolina , petroleum liquids,dollars per barrels,ELEC.COST.PEL-SC-99.M,W,W,W,W,W,W,W,W,W,W,W,W,W,W,W,W,W,W,W,W,W,W,W,W,W,W,W,W,W,W,W,W,W,W,W,W,104.59,87.74,W,W,W,W,W,W,W,W,W,W,W,W,W,W,W,W,W,W,W,W,W,W,W,W,W,W,W,W,W,W,W,W,W,W,W,W,W,W,W,W,106.14,W,116.46,W,W,W,W,W,W,W,W,W,W,W,84.71,W,71.51,W,63.17,W,W,W,W,W,W,W,W,W,W,W,W,75.49,W,75.06,70.81,W,68.6,W,W,79.88,88.01,W,W,W,W,W,W,W,W,W,W,W,W,W,W
Virginia , petroleum liquids,dollars per barrels,ELEC.COST.PEL-VA-99.M,W,W,W,W,W,W,W,W,W,W,W,W,W,W,W,W,W,W,W,W,W,W,W,W,W,W,W,W,W,W,W,W,W,W,W,W,97.1,105.13,111.03,114.64,W,117.09,117.84,109.43,109.65,W,121.54,121.72,146.74,133.03,139.73,112.97,W,W,W,113.5,138.35,135.2,W,124.55,123.09,116.49,130.02,126.46,113.82,124.66,101.67,109.43,W,128.56,127.29,W,128.1,W,137.26,W,122.53,128.72,129.7,118.23,122.04,114.55,W,99.46,85.38,W,107.15,92.07,W,67.13,W,59.19,46.17,75.77,W,48.26,53.46,45.42,51.5,W,W,75.3,46.32,50.7,67.82,73.33,W,W,79.87,W,W,79.46,W,68.03,64,70.37,81.24,W,51.17,72.3,55.91,72.74,75.51,84.24,57.16,W,65.11,92.39,97.64,78.22,82.41,W,71.45
West Virginia , petroleum liquids,dollars per barrels,ELEC.COST.PEL-WV-99.M,W,W,W,W,W,W,W,W,W,W,W,W,W,W,W,W,W,W,W,W,W,W,W,W,W,W,W,W,W,W,W,W,W,W,W,W,W,W,140.03,W,W,140.26,141.62,136.91,134.72,133.55,W,W,W,138.59,142.72,138.37,126.97,125.55,129.79,139.34,139.92,137.84,156.79,130.98,134.78,125.77,W,135.12,132.75,130.8,134.87,137.89,132.2,131.95,132.45,133.3,W,W,W,W,W,W,W,W,W,W,W,W,W,W,W,W,W,88.36,78.15,W,W,77.2,W,W,54.56,52.11,W,W,W,68.26,63.75,69.29,W,70.22,W,W,71.42,77.24,W,73.26,73.33,68.84,66.45,70.85,85.57,85.77,W,W,W,W,89.69,97.7,102.83,100.47,90.7,95.44,W,W,W,W,82.77
Alabama , petroleum liquids,dollars per barrels,ELEC.COST.PEL-AL-99.M,W,W,W,W,W,W,W,W,W,W,W,W,W,W,W,W,W,W,W,W,W,W,W,W,W,W,W,W,W,W,W,W,W,W,W,W,102.73,116.89,123.83,128.15,W,129.28,129.26,123.85,W,123.91,W,NM,W,W,W,W,W,118.87,126.14,W,W,136.35,137.99,W,W,W,W,W,W,123.86,131.43,132.6,133.94,W,125.7,W,W,129.6,W,126.98,126.06,W,124.13,W,W,W,W,W,W,W,79.5,81.32,W,W,W,W,66.46,W,W,W,W,W,W,W,W,W,W,W,W,71.4,W,W,W,W,W,W,W,W,W,W,W,W,W,W,W,W,W,W,W,W,W,W,95.92,W,W,W,W
Kentucky , petroleum liquids,dollars per barrels,ELEC.COST.PEL-KY-99.M,W,W,W,W,W,W,W,W,W,W,W,W,W,W,W,W,W,W,W,W,W,W,W,W,W,W,W,W,W,W,W,W,W,W,W,W,105.95,120.76,135.15,139.18,134.71,145.1,131.95,128.51,129.93,127.83,131.19,125.6,126,128.74,142.95,141.31,125.9,118.15,126.92,134.98,135.44,138.07,139.08,134.58,129.32,141.49,132.34,131.7,133.15,127.25,128.69,134.3,135.1,133.13,131.19,126.62,127.51,142.66,139.64,133.78,129.21,128.14,124.41,124.27,122.72,117.14,123.53,92.43,71.37,87.75,84.76,81.25,88.28,84.02,77.34,75.5,74.61,78.22,68.72,55.54,46.84,48.55,55.37,55.97,65.5,67.71,62.03,66.78,67.12,69.63,66.5,73.04,70.9,73.47,68.04,70.2,68.39,66.03,68.68,73.63,83.18,82.88,87.47,84.08,90.88,87.02,84.2,87.63,99.84,95.04,93.01,93.2,W,100.04,91.75,79.29,77.52
Mississippi , petroleum liquids,dollars per barrels,ELEC.COST.PEL-MS-99.M,W,W,W,W,W,W,W,W,W,W,W,W,W,W,W,W,W,W,W,W,W,W,W,W,W,W,W,W,W,W,W,W,W,W,W,W,W,W,W,W,W,W,W,W,W,W,W,W,W,W,0,0,W,W,W,W,W,0,W,W,0,0,0,W,W,W,W,0,W,0,W,127.01,0,W,W,W,W,W,0,0,W,0,W,W,W,W,W,W,W,W,W,W,0,0,0,W,W,W,0,W,0,W,62.83,W,W,70.53,W,W,W,W,W,W,W,W,W,W,W,W,W,W,W,W,W,W,W,W,W,0,W,W,W,W,W
Tennessee , petroleum liquids,dollars per barrels,ELEC.COST.PEL-TN-99.M,W,W,W,W,W,W,W,W,W,W,W,W,W,W,W,W,W,W,W,W,W,W,W,W,W,W,W,W,W,W,W,W,W,W,W,W,W,W,W,W,W,W,W,W,W,W,NM,W,125.68,130.13,W,W,126.83,W,W,W,133.31,133.23,W,W,W,W,W,W,W,W,W,128.49,W,W,W,W,W,W,W,W,W,123.38,119.07,W,W,W,W,W,67.73,W,W,W,83.83,W,W,65.16,W,W,W,W,W,W,W,W,W,W,W,W,W,W,W,W,W,W,W,W,W,W,W,W,W,W,85.79,W,W,W,W,W,97.78,W,W,92.35,W,100.29,W,W,W
Arkansas , petroleum liquids,dollars per barrels,ELEC.COST.PEL-AR-99.M,W,W,W,W,W,W,W,W,W,W,W,W,W,W,W,W,W,W,W,W,W,W,W,W,W,W,W,W,W,W,W,W,W,W,W,W,104.02,W,W,W,W,W,W,125.94,W,W,W,W,W,W,W,W,W,W,W,W,W,W,W,W,W,W,W,W,W,W,0,W,W,W,W,W,W,W,W,W,W,W,W,W,W,W,W,W,W,W,W,W,W,W,W,0,W,W,W,W,W,W,W,W,W,W,W,W,W,W,W,W,W,W,W,W,W,W,W,W,W,W,W,W,0,W,W,W,W,W,0,W,W,W,W,W,W
Louisiana , petroleum liquids,dollars per barrels,ELEC.COST.PEL-LA-99.M,W,W,W,W,W,W,W,W,W,W,W,W,W,W,W,W,W,W,W,W,W,W,W,W,W,W,W,W,W,W,W,W,W,W,W,W,W,69.25,W,125.87,W,W,W,W,W,W,W,W,W,W,W,W,W,W,W,W,W,W,W,W,W,W,W,W,W,W,W,W,W,W,W,W,W,W,W,W,W,W,W,W,W,W,W,W,W,W,W,W,W,W,W,W,W,W,W,W,W,W,0,W,0,W,W,0,0,W,0,W,0,0,0,0,0,0,0,0,0,0,W,W,0,W,0,0,0,W,W,0,0,0,0,W,0
Oklahoma , petroleum liquids,dollars per barrels,ELEC.COST.PEL-OK-99.M,W,W,W,W,W,W,W,W,W,W,W,W,W,W,W,W,W,W,W,W,W,W,W,W,W,W,W,W,W,W,W,W,W,W,W,W,W,W,W,W,W,W,W,W,W,W,W,W,0,0,W,0,0,0,W,W,W,W,W,0,0,0,0,W,0,W,W,W,0,W,0,0,W,0,W,0,W,W,W,0,W,W,W,W,0,W,W,0,0,W,0,0,W,W,0,0,W,W,W,0,W,W,W,W,W,W,0,W,W,W,W,W,W,0,0,W,W,W,W,W,0,W,0,W,W,W,W,W,0,W,W,0,W
Texas , petroleum liquids,dollars per barrels,ELEC.COST.PEL-TX-99.M,W,W,W,W,W,W,W,W,W,W,W,W,W,W,W,W,W,W,W,W,W,W,W,W,W,W,W,W,W,W,W,W,W,W,W,W,108.82,122.18,126.96,129.59,132.33,133.98,131.84,120.74,124.12,125.35,NM,125.86,W,137.46,141.57,W,W,W,W,W,W,W,W,W,124.92,W,W,W,130.42,W,W,W,W,W,W,W,W,W,128.66,W,W,W,W,W,W,W,W,79.01,W,W,W,W,W,W,W,W,W,W,68.01,W,W,W,W,W,W,W,W,W,W,W,W,W,W,W,W,W,W,W,W,W,W,W,W,W,W,W,W,W,W,W,W,W,W,W,W,W,W
Arizona , petroleum liquids,dollars per barrels,ELEC.COST.PEL-AZ-99.M,W,W,W,W,W,W,W,W,W,W,W,W,W,W,W,W,W,W,W,W,W,W,W,W,W,W,W,W,W,W,W,W,W,W,W,W,W,W,146.83,W,W,W,W,W,W,W,W,W,W,W,W,W,W,W,W,W,W,W,133.79,W,133.91,151.43,W,141.8,129.4,W,W,W,W,136.05,132.38,W,W,131.69,W,W,W,149.79,W,134.59,W,114.98,109.62,89.24,76.39,81.95,82.25,W,88.19,W,W,68.08,W,W,76.09,60.53,W,50.7,W,W,67.85,W,62.94,61.87,W,67.09,72.37,71.46,77.12,W,W,W,70.96,W,67.16,75.62,81.35,83.33,W,W,W,83,83.45,W,W,W,92.25,W,W,W,108.41,108.39,82.3
Colorado , petroleum liquids,dollars per barrels,ELEC.COST.PEL-CO-99.M,W,W,W,W,W,W,W,W,W,W,W,W,W,W,W,W,W,W,W,W,W,W,W,W,W,W,W,W,W,W,W,W,W,W,W,W,W,W,W,W,W,W,W,W,W,W,W,W,W,W,W,W,0,W,0,0,W,W,W,W,0,W,W,W,0,0,0,0,0,W,W,W,W,0,W,0,0,W,W,0,0,W,W,W,89.28,0,0,W,0,0,0,0,W,0,0,W,W,W,W,W,0,W,W,0,W,W,0,W,0,W,0,0,W,0,0,W,0,0,W,W,W,W,0,W,W,0,0,W,0,0,W,W,0
Idaho , petroleum liquids,dollars per barrels,ELEC.COST.PEL-ID-99.M,W,W,W,W,W,W,W,W,W,W,W,W,W,W,W,W,W,W,W,W,W,W,W,W,W,W,W,W,W,W,W,W,W,W,W,W,W,W,W,W,W,W,W,W,W,W,W,W,0,0,0,0,0,0,0,0,0,0,0,0,0,0,0,0,0,0,0,0,0,0,0,0,0,0,0,0,0,0,0,0,0,0,0,0,0,0,0,0,0,0,0,0,0,0,0,0,0,0,0,0,0,0,0,0,0,0,0,0,0,0,0,0,0,0,0,0,0,0,0,0,0,0,0,0,0,0,0,0,0,0,0,0,0
Montana , petroleum liquids,dollars per barrels,ELEC.COST.PEL-MT-99.M,W,W,W,W,W,W,W,W,W,W,W,W,W,W,W,W,W,W,W,W,W,W,W,W,W,W,W,W,W,W,W,W,W,W,W,W,W,W,W,W,W,NM,W,W,W,NM,NM,W,W,0,W,W,W,W,W,W,W,W,W,W,W,W,0,W,W,W,W,0,W,W,W,W,W,W,W,W,W,W,W,W,W,W,W,W,0,W,W,W,W,0,0,W,W,0,W,W,W,W,W,W,W,W,W,W,W,0,W,W,0,W,W,W,W,0,W,W,W,0,W,W,W,W,W,W,W,W,W,W,0,W,W,W,W
Nevada , petroleum liquids,dollars per barrels,ELEC.COST.PEL-NV-99.M,W,W,W,W,W,W,W,W,W,W,W,W,W,W,W,W,W,W,W,W,W,W,W,W,W,W,W,W,W,W,W,W,W,W,W,W,W,W,W,W,W,W,W,W,W,W,W,W,W,W,W,W,W,W,W,W,W,W,W,W,W,W,W,W,W,W,W,W,W,W,W,W,W,W,W,W,W,W,W,W,W,W,W,W,W,W,W,W,W,W,W,W,W,W,W,W,W,W,W,W,W,W,W,W,W,W,0,W,W,W,W,W,W,W,W,W,W,W,0,W,W,W,0,W,W,W,W,W,W,W,W,W,W
New Mexico , petroleum liquids,dollars per barrels,ELEC.COST.PEL-NM-99.M,W,W,W,W,W,W,W,W,W,W,W,W,W,W,W,W,W,W,W,W,W,W,W,W,W,W,W,W,W,W,W,W,W,W,W,W,120.37,126.61,149.65,159.71,150.09,W,W,W,W,W,W,W,W,W,W,W,W,W,W,W,W,W,W,W,W,W,W,W,W,W,W,W,W,W,W,W,W,W,W,W,W,W,W,W,W,W,W,W,W,W,W,W,W,W,W,W,W,W,W,W,W,W,W,W,W,W,W,W,W,W,W,W,W,W,W,W,W,W,W,W,W,W,W,W,W,W,W,W,0,W,W,W,W,W,W,W,W
Utah , petroleum liquids,dollars per barrels,ELEC.COST.PEL-UT-99.M,W,W,W,W,W,W,W,W,W,W,W,W,W,W,W,W,W,W,W,W,W,W,W,W,W,W,W,W,W,W,W,W,W,W,W,W,W,W,W,W,W,W,W,W,W,W,W,W,W,W,W,W,W,W,W,W,W,W,W,W,W,W,W,W,W,W,W,W,W,W,W,W,W,W,W,W,W,W,W,W,W,W,W,W,W,W,W,W,W,W,W,W,W,W,W,W,W,W,W,W,W,W,W,W,W,W,W,W,W,W,W,W,W,W,W,W,94.48,W,W,90.77,W,99.66,99.26,W,W,W,W,W,W,W,W,W,W
Wyoming , petroleum liquids,dollars per barrels,ELEC.COST.PEL-WY-99.M,W,W,W,W,W,W,W,W,W,W,W,W,W,W,W,W,W,W,W,W,W,W,W,W,W,W,W,W,W,W,W,W,W,W,W,W,W,W,W,W,W,W,W,W,W,W,W,W,111.81,130.78,116.57,140.58,W,123.58,92.32,114.81,144.37,120.68,103.2,118.34,112.74,147,W,136.93,132.71,W,129.91,137.95,133.03,138.44,133.57,138.42,137.4,W,W,129.66,146.32,125.2,W,138.35,W,125.91,W,109.78,79.92,81.92,W,W,W,81.34,72.86,75.96,W,68,W,79.31,61.9,W,W,W,60.78,73.52,64.21,75.93,67.56,W,68.26,W,W,W,W,88.78,75.89,94.67,74.17,W,87.63,W,W,96.94,0,W,W,W,109.86,132.42,101.87,W,W,97.78,101.47,W,W
California , petroleum liquids,dollars per barrels,ELEC.COST.PEL-CA-99.M,W,W,W,W,W,W,W,W,W,W,W,W,W,W,W,W,W,W,W,W,W,W,W,W,W,W,W,W,W,W,W,W,W,W,W,W,NM,W,W,W,NM,NM,W,W,W,W,NM,W,W,W,W,W,W,W,W,W,W,W,W,W,0,0,0,0,0,0,0,0,0,0,0,0,0,0,0,0,0,0,0,0,0,0,0,0,0,0,0,0,0,0,0,0,0,0,0,0,0,0,0,0,0,0,0,0,0,0,0,0,0,0,0,0,0,0,0,0,0,0,0,0,0,0,0,0,0,0,0,0,0,0,0,0,0
Oregon , petroleum liquids,dollars per barrels,ELEC.COST.PEL-OR-99.M,W,W,W,W,W,W,W,W,W,W,W,W,W,W,W,W,W,W,W,W,W,W,W,W,W,W,W,W,W,W,W,W,W,W,W,W,107.69,W,W,W,NM,NM,W,W,W,NM,NM,W,0,0,0,0,0,W,0,0,W,W,0,0,0,0,0,0,W,W,0,0,0,0,0,0,0,0,0,0,0,W,0,0,0,W,0,0,0,0,0,0,0,0,W,0,0,0,W,W,0,0,0,0,0,0,0,W,0,0,0,0,W,W,0,0,0,0,W,W,0,0,0,0,0,0,0,0,0,0,0,0,0,0,0,0,0
Washington , petroleum liquids,dollars per barrels,ELEC.COST.PEL-WA-99.M,W,W,W,W,W,W,W,W,W,W,W,W,W,W,W,W,W,W,W,W,W,W,W,W,W,W,W,W,W,W,W,W,W,W,W,W,86.15,94.84,106.55,105.51,101.27,NM,115.23,78.13,108.09,W,NM,120.99,W,W,W,W,0,0,W,W,W,W,W,W,W,W,W,0,0,W,W,0,W,W,W,W,W,W,W,0,0,W,W,W,0,0,W,W,0,W,W,0,W,W,W,W,W,W,W,W,0,0,W,0,0,W,W,W,W,W,W,W,W,0,W,0,W,0,W,W,W,W,W,W,0,0,0,0,W,W,W,W,0,W,W,W,W
Alaska , petroleum liquids,dollars per barrels,ELEC.COST.PEL-AK-99.M,W,W,W,W,W,W,W,W,W,W,W,W,W,W,W,W,W,W,W,W,W,W,W,W,W,W,W,W,W,W,W,W,W,W,W,W,107.22,109.6,123.1,136.03,131.74,130.27,131.81,124.59,127.57,128.26,132.18,124,W,W,W,W,W,W,W,W,W,W,W,W,0,0,0,0,0,0,0,0,0,0,0,0,0,0,0,0,0,0,0,0,0,0,0,0,0,0,0,0,0,W,W,W,W,W,W,W,W,W,W,W,0,W,0,W,0,W,W,W,W,W,W,W,W,W,W,W,W,W,W,W,0,0,0,0,0,W,W,W,W,W,W,W,W
Hawaii , petroleum liquids,dollars per barrels,ELEC.COST.PEL-HI-99.M,W,W,W,W,W,W,W,W,W,W,W,W,W,W,W,W,W,W,W,W,W,W,W,W,W,W,W,W,W,W,W,W,W,W,W,W,101.4,105.06,114.51,121.07,129.16,130,129.98,113.56,129.78,130.12,128.33,133.89,W,W,W,W,W,W,W,W,W,W,W,W,W,W,W,W,W,W,W,W,W,W,W,W,W,W,W,W,W,W,W,W,W,W,W,W,W,W,W,W,W,W,W,W,W,W,W,W,W,W,W,W,W,W,W,W,W,W,W,W,W,W,W,W,W,W,W,W,W,W,W,W,W,W,W,W,W,W,W,W,W,W,W,W,W
Connecticut , natural gas,dollars per mcf,ELEC.COST.NG-CT-99.M,W,W,W,W,W,W,W,W,W,W,W,W,W,W,W,W,W,W,W,W,W,W,W,W,W,W,W,W,W,W,W,W,W,W,W,W,7.46,6.3,5.32,4.94,4.98,5.2,5.54,4.9,4.53,4.27,4.15,4.23,4.69,W,3.05,2.5,W,3.38,3.81,3.5,3.39,3.88,6.02,6.04,9.83,11.65,5.66,5.25,4.74,4.49,5.09,3.92,4.11,3.99,5.17,9.64,14.98,17.46,11.54,5.01,4.13,4.42,3.72,4.7,W,3.01,5.18,5.85,8.77,12.82,6.91,2.99,2.3,2.19,2.48,2.69,3.08,3.17,5.14,5.06,6.12,5.63,4.63,2.74,2.39,2.33,3.13,3.09,2.92,2.45,3.34,5.49,8.12,5.84,4.43,W,3.46,3.24,3.04,2.87,2.83,2.92,4.21,5.86,11.06,7.69,4.25,3.92,2.74,2.79,3.04,3.22,3.21,3.67,5.37,7.41,7.12
Maine , natural gas,dollars per mcf,ELEC.COST.NG-ME-99.M,W,W,W,W,W,W,W,W,W,W,W,W,W,W,W,W,W,W,W,W,W,W,W,W,W,W,W,W,W,W,W,W,W,W,W,W,7.9,W,W,5.09,W,W,W,W,W,W,W,W,W,W,3.62,3.12,3.12,W,W,W,W,W,W,W,W,W,W,W,W,W,W,W,W,W,W,W,W,W,W,W,W,W,3.79,W,W,W,W,6.52,W,17.68,W,3.99,3.78,4.06,W,W,W,W,W,4.31,W,W,W,W,W,W,W,W,W,W,0,W,W,9,W,W,W,W,W,W,4.19,W,W,W,W,W,W,W,W,0,W,W,W,W,W,0,0
Massachusetts , natural gas,dollars per mcf,ELEC.COST.NG-MA-99.M,W,W,W,W,W,W,W,W,W,W,W,W,W,W,W,W,W,W,W,W,W,W,W,W,W,W,W,W,W,W,W,W,W,W,W,W,8.67,6.42,5.37,4.95,4.99,5.21,5.35,4.78,4.49,4.21,4.15,4.3,W,W,W,W,W,W,W,W,W,W,W,W,9.64,18.52,7.03,5.22,4.66,4.73,4.92,3.65,4,4,5.63,13.02,18.76,21.95,12.9,5.38,4.23,4.69,4.11,3.19,3.78,3.6,5.68,9.13,12.66,13.6,8.64,3.36,3.16,3.18,2.57,3.08,4.14,4.31,3.62,2.53,5.75,3.64,2,3.05,2.18,2.41,2.92,3.24,3,3.28,4.05,6,5.32,3.95,4.35,3.52,3.39,2.74,2.7,2.5,2.41,3.35,3.79,8.74,14.3,W,4.27,5.54,2.47,2.84,2.9,3.21,3.05,W,5.75,W,W
New Hampshire , natural gas,dollars per mcf,ELEC.COST.NG-NH-99.M,W,W,W,W,W,W,W,W,W,W,W,W,W,W,W,W,W,W,W,W,W,W,W,W,W,W,W,W,W,W,W,W,W,W,W,W,W,W,W,W,W,W,W,W,W,W,W,W,W,W,W,W,W,W,W,W,W,W,W,W,W,W,W,W,W,W,W,W,W,W,W,W,W,W,W,W,W,W,W,W,W,W,W,W,W,W,W,W,W,W,W,W,W,W,W,W,W,W,W,W,W,W,W,W,W,W,W,W,W,W,W,W,W,W,W,W,W,W,W,W,W,W,W,W,W,W,W,W,W,W,W,W,W
Rhode Island , natural gas,dollars per mcf,ELEC.COST.NG-RI-99.M,W,W,W,W,W,W,W,W,W,W,W,W,W,W,W,W,W,W,W,W,W,W,W,W,W,W,W,W,W,W,W,W,W,W,W,W,W,W,W,W,W,W,W,W,W,W,W,W,W,3.94,3.2,W,2.82,W,W,W,W,W,W,W,W,W,W,W,W,W,W,W,3.93,W,W,12.31,22.7,21.46,13.17,5.25,W,4.33,3.85,W,3.54,3.7,5.64,6.04,9.99,W,7.68,3.41,2.15,1.96,2.4,2.42,2.78,3.74,3.29,W,W,W,W,W,W,W,2.92,W,W,W,W,W,5.74,4.14,4.63,3.73,3.62,2.94,2.99,2.76,2.31,W,3.77,6.33,W,W,W,W,W,W,W,W,W,W,W,W,W
Vermont , natural gas,dollars per mcf,ELEC.COST.NG-VT-99.M,W,W,W,W,W,W,W,W,W,W,W,W,W,W,W,W,W,W,W,W,W,W,W,W,W,W,W,W,W,W,W,W,W,W,W,W,W,W,W,W,W,W,W,W,W,W,W,W,W,W,W,W,W,W,W,W,W,W,W,W,0,0,0,0,0,0,0,0,0,0,0,0,0,0,0,0,0,0,0,0,0,0,0,0,0,0,0,0,0,0,0,0,0,0,0,0,0,0,0,0,0,0,0,0,0,0,0,0,0,0,0,0,0,0,0,0,0,0,0,0,0,0,0,0,0,0,0,0,0,0,0,0,0
New Jersey , natural gas,dollars per mcf,ELEC.COST.NG-NJ-99.M,W,W,W,W,W,W,W,W,W,W,W,W,W,W,W,W,W,W,W,W,W,W,W,W,W,W,W,W,W,W,W,W,W,W,W,W,7.67,6.02,5.05,5.07,5.22,5.35,5.38,5.03,4.72,4.72,4.4,4.51,4.57,3.78,3.4,2.9,3.18,2.97,3.65,3.66,3.54,3.82,4.29,4.71,5.72,4.74,4.75,4.96,5.11,4.27,3.93,3.32,3.48,3.43,4.16,4.89,15.15,8.31,6.19,4.66,3.81,3.79,3.34,2.79,2.9,2.75,4.15,3.94,5.86,10.03,3.68,2.48,2.35,2.37,2.09,2.23,2.1,2.02,1.81,1.69,3.02,2.83,1.62,1.76,1.95,2.13,2.09,1.92,1.7,1.86,2.45,4.01,3.93,3.52,3.36,3.2,3.13,2.31,2.31,2.07,1.91,1.54,2.81,5.23,7.9,3.07,2.95,2.9,2.52,2.7,2.71,2.94,2.63,2.76,3.8,3.99,4.58
New York , natural gas,dollars per mcf,ELEC.COST.NG-NY-99.M,W,W,W,W,W,W,W,W,W,W,W,W,W,W,W,W,W,W,W,W,W,W,W,W,W,W,W,W,W,W,W,W,W,W,W,W,7.73,6.69,5.51,5.45,5.43,5.64,5.88,5.26,4.99,4.76,4.88,4.87,W,4.27,W,W,W,W,W,W,W,W,W,W,W,W,W,W,W,W,W,W,W,W,W,W,W,W,W,W,W,W,W,W,W,W,W,W,W,W,W,W,W,W,W,W,W,W,W,W,W,W,W,W,W,W,W,W,W,W,W,W,W,W,W,W,W,W,W,W,W,W,W,W,W,W,W,W,W,W,W,W,W,W,W,W,W
Pennsylvania , natural gas,dollars per mcf,ELEC.COST.NG-PA-99.M,W,W,W,W,W,W,W,W,W,W,W,W,W,W,W,W,W,W,W,W,W,W,W,W,W,W,W,W,W,W,W,W,W,W,W,W,7.16,5.44,4.8,4.91,5,5.21,5.13,4.8,4.47,4.22,4.12,4.04,W,W,W,W,W,W,W,W,W,W,W,W,W,W,W,W,W,W,W,W,W,W,W,W,W,W,W,W,W,W,W,W,W,W,W,W,W,W,W,W,W,W,W,W,W,W,W,W,W,W,W,W,W,W,W,W,W,W,W,W,W,W,W,W,W,W,W,W,W,W,W,W,W,W,W,W,W,W,W,W,W,W,W,W,W
Illinois , natural gas,dollars per mcf,ELEC.COST.NG-IL-99.M,W,W,W,W,W,W,W,W,W,W,W,W,W,W,W,W,W,W,W,W,W,W,W,W,W,W,W,W,W,W,W,W,W,W,W,W,5.62,5.48,5.1,5.25,5.02,5.6,4.97,4.85,5.18,4.68,W,W,W,W,W,W,W,W,W,W,W,W,W,W,W,W,W,W,W,W,4.65,W,W,W,W,W,W,W,W,W,W,W,W,W,W,W,W,W,W,W,W,W,W,W,W,W,W,W,W,W,W,W,W,W,W,W,W,W,W,3.18,W,W,W,W,W,W,W,W,W,W,W,W,W,W,4.9,W,W,W,W,W,W,3.15,W,W,W,W,W
Indiana , natural gas,dollars per mcf,ELEC.COST.NG-IN-99.M,W,W,W,W,W,W,W,W,W,W,W,W,W,W,W,W,W,W,W,W,W,W,W,W,W,W,W,W,W,W,W,W,W,W,W,W,4.95,4.85,4.48,4.69,4.79,5.24,4.91,4.68,4.53,4.07,3.66,3.77,3.14,2.93,2.49,2.34,2.64,2.74,3.26,3.19,3.04,3.69,3.96,3.9,W,W,W,W,W,W,W,W,W,W,W,W,W,W,W,W,W,W,W,W,W,W,W,W,W,W,W,W,W,W,W,W,W,W,W,W,W,W,W,W,W,W,W,W,W,W,W,W,W,W,W,W,W,W,W,W,W,W,W,W,4.32,W,W,W,3.1,3.14,3.07,3.24,3.28,3.54,W,W,3.44
Michigan , natural gas,dollars per mcf,ELEC.COST.NG-MI-99.M,W,W,W,W,W,W,W,W,W,W,W,W,W,W,W,W,W,W,W,W,W,W,W,W,W,W,W,W,W,W,W,W,W,W,W,W,5.09,4.89,4.76,4.99,5.06,5.36,4.89,4.7,4.85,4.42,4.06,4.16,W,W,W,W,W,W,W,W,W,W,W,5.13,W,W,W,W,W,W,W,W,W,W,W,W,W,W,W,W,W,W,W,W,W,W,W,W,W,W,W,3.3,W,W,W,W,W,W,W,W,W,W,W,W,W,W,W,W,W,W,W,W,W,W,W,W,W,W,W,W,W,W,W,W,W,W,W,W,W,W,W,W,W,W,W,W,W
Ohio , natural gas,dollars per mcf,ELEC.COST.NG-OH-99.M,W,W,W,W,W,W,W,W,W,W,W,W,W,W,W,W,W,W,W,W,W,W,W,W,W,W,W,W,W,W,W,W,W,W,W,W,5.32,4.86,4.57,4.94,4.97,5.36,5.06,4.62,W,3.98,W,W,W,W,W,W,W,W,3.22,3.2,W,W,3.91,W,W,W,4.01,W,W,W,W,W,3.91,W,W,W,W,W,W,W,W,W,W,W,W,W,W,W,W,W,W,W,W,W,W,W,W,W,W,W,W,W,W,W,W,W,W,W,W,W,W,W,W,W,W,W,W,W,W,W,W,W,W,W,W,W,W,W,W,W,W,W,W,W,W,W,W
Wisconsin , natural gas,dollars per mcf,ELEC.COST.NG-WI-99.M,W,W,W,W,W,W,W,W,W,W,W,W,W,W,W,W,W,W,W,W,W,W,W,W,W,W,W,W,W,W,W,W,W,W,W,W,5.43,5.26,4.9,5.29,5.02,5.42,5.01,4.9,W,4.52,4.38,4.23,W,3.14,W,W,W,W,W,3.48,3.44,W,W,W,W,W,W,W,W,W,W,W,W,W,W,W,W,W,7.09,5.62,5.36,5.44,4.97,4.64,4.83,4.43,4.96,4.95,3.9,W,3.69,W,3.42,W,3.35,3.36,3.27,2.96,2.73,2.67,2.97,W,2.31,2.45,W,W,W,W,W,W,3.23,W,W,W,W,W,W,W,W,W,W,W,W,W,W,W,W,W,W,W,W,W,W,W,W,W,W
Iowa , natural gas,dollars per mcf,ELEC.COST.NG-IA-99.M,W,W,W,W,W,W,W,W,W,W,W,W,W,W,W,W,W,W,W,W,W,W,W,W,W,W,W,W,W,W,W,W,W,W,W,W,W,W,6.16,6.42,W,W,W,W,W,W,W,7.88,W,W,W,W,W,W,W,3.88,W,W,W,W,W,W,W,W,W,W,W,W,W,W,W,W,W,W,W,W,W,W,W,W,W,W,W,W,W,W,W,W,W,W,W,W,W,W,W,W,W,W,W,W,W,W,W,W,W,3.03,W,W,W,3.77,W,W,2.76,W,W,W,W,W,W,W,W,W,W,2.85,W,2.81,2.8,3.12,2.91,3.26,3.64,W,W
Kansas , natural gas,dollars per mcf,ELEC.COST.NG-KS-99.M,W,W,W,W,W,W,W,W,W,W,W,W,W,W,W,W,W,W,W,W,W,W,W,W,W,W,W,W,W,W,W,W,W,W,W,W,W,W,W,W,W,W,W,W,W,W,W,W,3.63,3.87,2.69,2.7,2.86,3,3.27,3.35,3.46,4.59,4.6,4.84,5.73,4.1,4.7,5.08,4.59,4.28,4.33,4.42,4.17,4.72,4.85,6.09,6.11,10.85,7.66,5.7,5.25,5.33,5.11,4.81,5.04,5.14,5.47,4.69,5.25,4.5,4.06,4.32,4.33,3.68,3.52,3.7,3.68,4.88,4.03,4.66,4.26,4.22,2.84,3.16,3.15,3.07,3.26,3.53,3.52,3.96,3.28,5.05,5.13,4.86,3.54,3.94,4.45,3.86,3.53,3.55,3.88,3.32,3.55,4.35,4.32,3.46,3.03,3.1,2.67,2.95,3.27,3.23,3.01,4.06,W,5.54,4
Minnesota , natural gas,dollars per mcf,ELEC.COST.NG-MN-99.M,W,W,W,W,W,W,W,W,W,W,W,W,W,W,W,W,W,W,W,W,W,W,W,W,W,W,W,W,W,W,W,W,W,W,W,W,5.88,6.5,5.9,6.03,6.89,6.23,5.12,5.21,6.17,5.93,5.46,5.18,5.76,4.98,4.32,3.02,3.12,3.19,3.33,3.79,4.35,4.57,4.53,4.12,W,W,W,W,W,5.51,W,4.39,W,W,W,W,7.44,W,W,W,5.73,6.21,W,W,W,W,W,5.54,5.55,W,4.16,W,W,W,W,W,W,W,W,2.99,3.29,3.22,2.81,2.53,2.53,W,W,W,W,4.19,W,W,5.22,W,3.96,W,3.98,W,W,W,W,W,4.21,W,W,W,W,W,W,W,3.32,W,3.69,W,W,W,W
Missouri , natural gas,dollars per mcf,ELEC.COST.NG-MO-99.M,W,W,W,W,W,W,W,W,W,W,W,W,W,W,W,W,W,W,W,W,W,W,W,W,W,W,W,W,W,W,W,W,W,W,W,W,5.43,5.6,W,W,5.76,5.27,4.98,4.8,NM,4.41,4.73,4.35,W,W,W,2.47,2.91,3.01,3.44,3.67,3.38,4.18,W,W,W,W,W,5.05,W,4.51,W,W,W,W,W,W,W,W,W,5.59,5.22,5.3,W,W,4.68,4.19,W,W,W,W,3.33,3.01,3.72,3.34,3.28,3.33,3.24,3.42,2.64,2.55,W,W,W,2.21,W,2.77,W,3.08,3.26,3.39,W,3.95,3.64,3.36,3.03,3.31,3.59,3.44,3.28,3.43,3.33,3.05,3.05,3.28,3.8,2.84,2.57,W,2.65,2.75,2.89,2.86,2.59,3.12,4.12,4.49,3.52
Nebraska , natural gas,dollars per mcf,ELEC.COST.NG-NE-99.M,W,W,W,W,W,W,W,W,W,W,W,W,W,W,W,W,W,W,W,W,W,W,W,W,W,W,W,W,W,W,W,W,W,W,W,W,W,W,W,W,W,W,W,W,W,W,W,W,W,W,W,W,W,W,W,W,W,W,W,W,W,W,W,W,W,W,4.5,4.51,W,W,W,W,W,W,W,W,W,W,4.89,4.74,5.01,W,W,W,W,W,W,W,W,W,W,W,W,W,W,W,W,W,W,W,W,3.32,W,W,W,W,3.17,4.75,W,6.63,5.25,4.4,4.2,3.6,3.54,3.65,4.16,4.1,5.06,6.08,6.76,4.74,4.53,3.94,3.05,3.37,W,3.66,3.93,4.15,4.82,5.22,4.01
North Dakota , natural gas,dollars per mcf,ELEC.COST.NG-ND-99.M,W,W,W,W,W,W,W,W,W,W,W,W,W,W,W,W,W,W,W,W,W,W,W,W,W,W,W,W,W,W,W,W,W,W,W,W,W,W,W,W,W,W,W,W,W,W,W,W,W,0,W,0,W,W,W,W,0,0,W,0,W,W,W,W,W,W,W,W,W,W,W,W,0,0,W,0,W,W,W,W,W,W,W,W,W,W,W,W,W,W,W,W,W,W,W,7.2,2.41,2.19,1.88,2.05,2.01,2.59,2.84,2.94,3.03,3.05,2.69,3.52,4.78,3.71,4.06,3.28,3.23,3.22,4.47,4.64,3.7,6.25,3.97,5.66,W,W,W,5.5,W,5.39,W,W,5.16,4.67,8.85,6.65,W
South Dakota , natural gas,dollars per mcf,ELEC.COST.NG-SD-99.M,W,W,W,W,W,W,W,W,W,W,W,W,W,W,W,W,W,W,W,W,W,W,W,W,W,W,W,W,W,W,W,W,W,W,W,W,5.32,6.53,5.9,6.44,8.27,6.29,4.78,4.88,6.39,5.57,11.12,W,W,W,W,W,W,W,W,W,W,W,W,W,W,W,W,W,W,W,W,W,W,W,W,W,W,W,W,W,W,W,W,W,W,W,W,W,W,W,W,W,W,W,W,W,W,W,W,W,W,W,W,W,W,W,W,W,W,W,W,W,W,W,W,W,W,W,W,W,W,W,W,W,0,0,0,0,0,0,0,0,0,0,0,0,0
Delaware , natural gas,dollars per mcf,ELEC.COST.NG-DE-99.M,W,W,W,W,W,W,W,W,W,W,W,W,W,W,W,W,W,W,W,W,W,W,W,W,W,W,W,W,W,W,W,W,W,W,W,W,W,W,W,W,5.18,5.36,5.43,4.97,4.64,4.39,W,W,W,W,W,W,W,W,W,W,W,W,W,W,W,W,W,W,W,W,W,W,W,W,W,W,W,W,W,W,W,W,W,W,W,W,W,W,W,W,W,W,W,W,W,W,W,W,W,W,W,W,W,W,W,W,W,W,W,W,W,W,0,0,0,0,0,0,0,0,0,0,0,0,0,0,0,0,0,0,0,0,0,0,0,0,0
District Of Columbia , natural gas,dollars per mcf,ELEC.COST.NG-DC-99.M,--,--,--,--,--,--,--,--,--,--,--,--,--,--,--,--,--,--,--,--,--,--,--,--,--,--,--,--,--,--,--,--,--,--,--,--,W,W,W,W,W,W,W,W,W,W,W,W,0,0,0,0,0,0,0,0,0,0,0,0,0,0,0,0,0,0,0,0,0,0,0,0,0,0,0,0,0,0,0,0,0,0,0,0,0,0,0,0,0,0,0,0,0,0,0,0,0,0,0,0,0,0,0,0,0,0,0,0,0,0,0,0,0,0,0,0,0,0,0,0,0,0,0,0,0,0,0,0,0,0,0,0,0
Florida , natural gas,dollars per mcf,ELEC.COST.NG-FL-99.M,W,W,W,W,W,W,W,W,W,W,W,W,W,W,W,W,W,W,W,W,W,W,W,W,W,W,W,W,W,W,W,W,W,W,W,W,6.14,6,5.67,5.87,5.75,6.03,6.01,5.92,5.66,5.8,5.57,5.46,W,W,W,W,W,W,W,W,W,W,W,W,5.19,W,W,5.36,5.4,W,5.08,W,5.02,5.01,4.91,W,W,W,5.85,W,5.9,W,5.35,W,5.32,5.22,5.46,5.45,4.92,W,4.49,4.33,4.4,W,W,W,W,W,W,W,W,W,W,W,W,3.43,3.72,3.95,W,W,W,W,4.88,4.35,W,3.59,W,W,4.25,4.21,4.39,4.49,W,W,4.96,4.82,4.65,4.18,4.2,4.13,4.07,4,4.06,4.35,4.8,6.04,5
Georgia , natural gas,dollars per mcf,ELEC.COST.NG-GA-99.M,W,W,W,W,W,W,W,W,W,W,W,W,W,W,W,W,W,W,W,W,W,W,W,W,W,W,W,W,W,W,W,W,W,W,W,W,5.69,5.02,4.62,4.82,5,5.17,5.04,4.64,4.56,4.14,3.88,3.9,3.34,3.18,2.81,2.57,3.02,3.04,3.47,3.47,3.45,3.96,4.38,4.08,4.1,3.98,4.51,4.99,4.92,4.61,4.39,4.1,4.34,4.37,4.49,5.09,W,6.93,5.72,W,5.35,5.3,4.76,4.51,4.57,4.37,4.72,4.07,3.78,3.61,3.41,3.26,3.56,3.39,3.4,3.36,3.31,2.86,2.64,2.42,3.09,2.65,W,2.39,2.44,W,3.31,3.33,3.58,3.59,3.16,4.31,4.01,W,3.55,W,W,W,W,W,W,W,W,W,5.59,3.35,3.41,3.55,3.4,3.59,3.37,3.55,W,3.82,4.84,4.73,3.96
Maryland , natural gas,dollars per mcf,ELEC.COST.NG-MD-99.M,W,W,W,W,W,W,W,W,W,W,W,W,W,W,W,W,W,W,W,W,W,W,W,W,W,W,W,W,W,W,W,W,W,W,W,W,8.5,W,W,W,W,W,5.57,W,4.72,4.95,4.76,4.67,W,W,W,W,W,W,W,W,3.37,W,W,W,W,W,W,W,W,W,W,W,W,W,W,W,W,W,W,W,W,W,W,W,W,W,W,W,6.65,W,W,W,W,W,W,W,W,W,W,W,W,W,W,W,W,W,W,W,W,W,W,W,W,W,W,W,W,W,W,W,W,W,W,W,8.8,W,W,W,W,W,W,W,W,W,W,W,W
North Carolina , natural gas,dollars per mcf,ELEC.COST.NG-NC-99.M,W,W,W,W,W,W,W,W,W,W,W,W,W,W,W,W,W,W,W,W,W,W,W,W,W,W,W,W,W,W,W,W,W,W,W,W,7.64,5.96,5.62,5.95,5.77,5.76,5.56,5.53,5.54,W,5.05,4.97,W,W,W,W,W,W,W,W,W,W,W,W,4.91,4.62,4.86,5.35,5.35,5.28,4.94,4.68,4.85,5.04,4.95,5.36,W,W,W,W,W,W,W,W,W,W,W,W,5.66,9.29,5.17,4.27,4.05,4,4.1,4.11,4.03,4.28,3.77,3.79,W,3.63,W,W,W,W,W,W,W,W,W,W,4.67,4.13,3.98,W,W,3.99,3.87,3.82,3.88,3.94,4.05,4.55,10.23,4.56,3.77,3.77,4.73,3.67,3.54,3.54,3.6,3.72,4.31,4.99,4.92
South Carolina , natural gas,dollars per mcf,ELEC.COST.NG-SC-99.M,W,W,W,W,W,W,W,W,W,W,W,W,W,W,W,W,W,W,W,W,W,W,W,W,W,W,W,W,W,W,W,W,W,W,W,W,5.59,4.59,4.35,4.59,4.67,W,W,W,4.29,3.89,W,W,W,W,W,W,W,W,W,4.13,3.9,W,W,W,W,W,W,W,W,W,W,W,W,4.53,W,W,6.06,6.91,W,5.07,5.01,W,W,4.52,4.77,4.54,W,W,W,4.65,3.8,3.5,3.78,W,W,W,3.55,2.78,2.8,W,3.38,3.17,W,W,2.8,3.31,3.38,3.48,3.63,3.51,3.28,4.22,W,3.49,W,3.63,W,W,W,W,3.65,3.44,3.7,3.73,W,W,W,3.49,3.52,3.46,3.43,W,3.47,3.75,W,4.32,4.2
Virginia , natural gas,dollars per mcf,ELEC.COST.NG-VA-99.M,W,W,W,W,W,W,W,W,W,W,W,W,W,W,W,W,W,W,W,W,W,W,W,W,W,W,W,W,W,W,W,W,W,W,W,W,7.92,5.64,4.48,5.23,5.36,5.27,5.11,5.09,4.63,4.36,3.92,3.86,W,W,W,2.61,W,W,W,W,W,W,W,4,W,W,4.49,W,W,W,W,W,W,W,W,W,W,W,W,W,4.88,4.77,4.15,3.78,3.85,3.91,4.47,4.58,5.27,9.71,4.58,2.77,W,2.74,2.63,2.69,2.56,2.46,2.76,2.68,3.54,3.01,2.16,2.99,2.35,2.52,2.76,2.64,2.74,3.8,4.35,4.49,5.14,4.08,3.57,W,W,W,W,W,W,2.69,3.52,4.36,11.42,4.48,3.53,W,W,W,W,W,W,W,W,5.16,5.17
West Virginia , natural gas,dollars per mcf,ELEC.COST.NG-WV-99.M,W,W,W,W,W,W,W,W,W,W,W,W,W,W,W,W,W,W,W,W,W,W,W,W,W,W,W,W,W,W,W,W,W,W,W,W,W,W,W,W,W,W,W,W,W,W,W,W,3.58,4.05,3,2.68,2.8,3.21,3.42,3.38,3.24,3.76,3.92,3.25,3.67,3.9,4.78,W,W,4.19,3.93,3.73,3.91,3.57,3.48,4.37,W,W,6.65,5.58,4.37,4.04,W,W,W,W,3.49,3.09,2.96,W,2.64,W,2.41,2.48,2.07,1.94,W,W,1.91,1.52,2.22,W,W,W,W,W,W,2.17,W,W,W,W,W,W,W,W,W,W,W,W,W,W,W,W,W,W,W,W,W,W,W,W,W,W,W,W,W
Alabama , natural gas,dollars per mcf,ELEC.COST.NG-AL-99.M,W,W,W,W,W,W,W,W,W,W,W,W,W,W,W,W,W,W,W,W,W,W,W,W,W,W,W,W,W,W,W,W,W,W,W,W,5,4.64,4.46,4.73,4.52,4.63,4.83,4.25,4.26,4.09,3.73,3.6,2.9,W,W,2.24,W,W,W,W,W,W,4.02,3.82,W,W,W,W,W,W,W,W,W,W,W,W,W,W,W,W,W,W,W,W,W,W,W,W,W,W,W,W,W,W,W,W,W,W,W,W,W,W,W,W,W,W,W,W,W,W,W,W,W,W,W,W,W,W,W,W,W,W,W,W,W,W,W,W,W,W,W,W,W,W,W,W,W
Kentucky , natural gas,dollars per mcf,ELEC.COST.NG-KY-99.M,W,W,W,W,W,W,W,W,W,W,W,W,W,W,W,W,W,W,W,W,W,W,W,W,W,W,W,W,W,W,W,W,W,W,W,W,7.41,8.35,5.29,6.45,W,5.97,W,W,W,4.65,4.93,6.83,W,5.38,W,W,W,W,W,W,W,W,W,6.84,5.98,6.54,W,5.96,W,W,W,W,W,W,5.28,W,W,W,W,W,W,W,W,W,6.78,W,W,W,W,W,W,W,W,W,W,W,W,W,2.5,3.42,W,3.35,W,W,W,W,W,W,W,W,W,W,W,6.11,W,W,W,W,W,W,W,W,W,W,W,W,W,W,W,W,W,W,W,W,W,W,W
Mississippi , natural gas,dollars per mcf,ELEC.COST.NG-MS-99.M,W,W,W,W,W,W,W,W,W,W,W,W,W,W,W,W,W,W,W,W,W,W,W,W,W,W,W,W,W,W,W,W,W,W,W,W,4.72,4.66,4.08,4.48,4.53,4.77,4.64,4.41,4.2,3.84,3.6,3.53,3.15,W,W,2.19,W,2.64,3.08,3.11,2.92,3.5,3.78,W,W,W,W,W,W,W,W,W,W,W,W,W,W,W,W,W,W,W,W,W,W,W,W,W,W,W,W,W,W,W,W,W,W,W,W,W,W,W,W,W,W,W,W,W,W,W,W,W,W,W,W,W,W,W,W,W,W,W,W,W,W,W,W,W,W,W,W,W,W,W,W,W,W
Tennessee , natural gas,dollars per mcf,ELEC.COST.NG-TN-99.M,W,W,W,W,W,W,W,W,W,W,W,W,W,W,W,W,W,W,W,W,W,W,W,W,W,W,W,W,W,W,W,W,W,W,W,W,5.11,5.25,5.08,4.55,W,4.9,W,W,W,4.17,4.21,4.51,W,W,W,W,W,W,W,W,W,W,W,W,W,W,W,W,W,4.16,W,W,W,W,W,W,W,W,W,W,W,W,W,W,W,W,W,W,3.72,3.38,3.52,W,2.52,2.99,3.03,W,W,W,W,W,W,W,W,2.29,W,W,W,W,W,W,W,W,W,W,W,W,W,W,W,W,W,W,W,W,W,W,W,W,W,W,W,W,W,W,W,W,W
Arkansas , natural gas,dollars per mcf,ELEC.COST.NG-AR-99.M,W,W,W,W,W,W,W,W,W,W,W,W,W,W,W,W,W,W,W,W,W,W,W,W,W,W,W,W,W,W,W,W,W,W,W,W,W,4.75,4.22,4.68,W,5.16,5.15,4.98,4.56,3.95,3.7,W,W,W,W,2.31,W,2.97,3.37,3.73,W,3.73,3.89,3.93,W,W,W,W,W,W,W,W,W,W,W,W,W,W,W,W,W,W,W,W,W,W,W,W,W,W,W,3.01,3.38,W,W,W,W,W,2.59,2.46,W,W,W,2.22,W,W,W,W,W,W,W,W,4.09,3.17,3.27,3.62,3.47,3.25,3.35,3.19,3.45,3.17,3.39,3.18,4.09,2.82,2.83,2.96,2.95,3.13,2.95,3.1,3.1,3.35,4.28,4.53,3.43
Louisiana , natural gas,dollars per mcf,ELEC.COST.NG-LA-99.M,W,W,W,W,W,W,W,W,W,W,W,W,W,W,W,W,W,W,W,W,W,W,W,W,W,W,W,W,W,W,W,W,W,W,W,W,4.63,4.57,4.13,4.5,4.61,4.71,4.65,4.51,4.21,3.95,3.69,3.59,W,W,W,W,2.55,W,W,W,W,W,W,W,W,W,W,W,W,W,W,W,W,3.77,W,W,W,W,5.22,W,4.98,4.9,4.44,4.18,4.28,4.22,4.25,4.28,3.37,3.19,3.17,3.02,3,3.06,3.25,W,2.88,2.69,2.31,2.23,2.47,2.26,1.88,2.14,2.15,2.56,W,W,3.2,3.24,2.85,3.81,3.74,3.21,3,3.34,3.43,3.25,3.25,3.17,3.19,3.14,3.13,3.14,3.91,3.2,2.9,2.97,3.02,3.17,3.06,3.12,3.18,3.43,4.09,4.52,3.49
Oklahoma , natural gas,dollars per mcf,ELEC.COST.NG-OK-99.M,W,W,W,W,W,W,W,W,W,W,W,W,W,W,W,W,W,W,W,W,W,W,W,W,W,W,W,W,W,W,W,W,W,W,W,W,W,5.12,4.46,4.79,W,4.83,4.72,4.58,4.4,4.21,3.92,W,W,W,2.77,W,W,W,W,W,W,W,W,W,W,3.77,W,W,W,W,W,W,W,W,W,W,W,W,W,W,W,W,W,W,W,W,W,W,W,W,W,2.98,3.27,W,W,W,W,W,2.45,2.25,W,W,W,2.15,W,W,W,W,W,W,W,W,3.86,3.46,3.33,3.29,3.39,3.21,3.11,2.99,3.19,2.98,3.18,3,3.9,2.85,2.49,2.41,2.47,2.53,2.56,2.5,2.27,2.67,3.58,3.96,3.19
Texas , natural gas,dollars per mcf,ELEC.COST.NG-TX-99.M,W,W,W,W,W,W,W,W,W,W,W,W,W,W,W,W,W,W,W,W,W,W,W,W,W,W,W,W,W,W,W,W,W,W,W,W,4.44,4.66,4.15,4.5,4.54,4.71,4.68,4.45,4.24,3.9,3.59,3.54,3.11,2.85,2.5,2.25,2.5,2.69,3.11,3.19,3,3.39,3.69,3.71,3.54,3.53,3.69,4.31,4.34,4.15,3.87,3.64,3.8,3.77,3.82,4.33,4.75,6.38,5.15,4.85,4.79,4.83,4.43,4.12,4.19,4.09,4.17,4.14,3.32,3.07,3.02,2.82,2.98,2.98,3.03,3,2.86,2.66,2.26,2.22,2.49,2.21,1.93,2.16,2.18,2.59,2.97,2.95,3.14,3.24,2.76,3.45,3.57,3.17,3.02,3.28,3.35,3.28,3.23,3.09,3.15,3.15,3.1,3.01,3.95,3.04,2.78,2.88,2.92,3.06,2.99,3.07,3.02,3.35,3.86,4.04,3.32
Arizona , natural gas,dollars per mcf,ELEC.COST.NG-AZ-99.M,W,W,W,W,W,W,W,W,W,W,W,W,W,W,W,W,W,W,W,W,W,W,W,W,W,W,W,W,W,W,W,W,W,W,W,W,W,W,W,5.42,5.94,5.49,W,W,W,W,W,4.47,3.61,W,W,W,W,3.36,3.51,3.6,W,3.95,4.8,4.53,4.52,W,4.87,5.35,4.73,4.68,4.33,4.18,4.42,4.48,4.65,5.32,5.85,7.51,W,6.06,5.78,5.32,5.17,4.78,4.89,4.57,4.88,W,W,W,W,W,3.73,3.47,3.54,3.47,W,W,W,W,W,W,W,W,W,W,W,W,W,W,W,W,W,W,W,W,W,W,W,W,W,W,W,W,W,3.33,W,W,W,W,W,W,W,W,W,W,W
Colorado , natural gas,dollars per mcf,ELEC.COST.NG-CO-99.M,W,W,W,W,W,W,W,W,W,W,W,W,W,W,W,W,W,W,W,W,W,W,W,W,W,W,W,W,W,W,W,W,W,W,W,W,W,W,W,W,W,W,W,W,W,W,W,W,W,W,W,4.02,W,W,W,W,W,W,W,W,W,W,W,W,W,W,W,W,W,W,W,W,W,W,6.26,6.06,W,W,W,W,W,4.87,W,5.21,W,W,W,W,W,W,W,W,W,W,W,W,W,W,W,W,W,W,W,W,W,W,W,W,W,W,W,W,W,W,W,W,W,W,W,W,W,W,W,W,W,W,W,W,W,W,W,W,W
Idaho , natural gas,dollars per mcf,ELEC.COST.NG-ID-99.M,W,W,W,W,W,W,W,W,W,W,W,W,W,W,W,W,W,W,W,W,W,W,W,W,W,W,W,W,W,W,W,W,W,W,W,W,5.11,5.02,5.48,4.91,6.36,5.6,5.03,4.74,4.36,4.12,3.89,4,W,W,W,W,W,W,W,W,W,W,W,W,W,W,W,W,W,W,W,W,W,W,W,W,W,W,W,W,W,W,W,W,W,W,W,W,W,0,W,W,W,W,W,W,W,W,W,W,W,W,W,W,W,W,W,W,W,W,W,W,W,W,W,W,W,W,W,W,W,W,W,W,0,W,0,0,0,W,W,W,W,0,W,W,W
Montana , natural gas,dollars per mcf,ELEC.COST.NG-MT-99.M,W,W,W,W,W,W,W,W,W,W,W,W,W,W,W,W,W,W,W,W,W,W,W,W,W,W,W,W,W,W,W,W,W,W,W,W,W,W,W,W,W,W,W,W,W,W,W,W,W,W,W,W,0,W,W,W,W,W,W,W,W,W,W,W,W,W,W,W,W,W,W,W,W,W,W,W,W,W,W,W,W,W,W,W,W,W,W,W,W,W,W,W,W,W,W,W,W,W,W,W,W,W,W,W,W,W,W,W,W,W,W,W,W,W,W,W,W,W,W,W,W,W,W,W,W,W,W,W,W,W,W,W,W
Nevada , natural gas,dollars per mcf,ELEC.COST.NG-NV-99.M,W,W,W,W,W,W,W,W,W,W,W,W,W,W,W,W,W,W,W,W,W,W,W,W,W,W,W,W,W,W,W,W,W,W,W,W,W,W,W,W,W,W,W,W,W,W,W,W,3.92,3.5,W,W,2.78,3.12,3.26,3.44,3.32,3.84,4.22,4.42,W,4.24,W,W,W,W,W,W,W,W,4.55,W,5.35,6.17,7.01,5.85,W,5.34,5.44,4.71,4.81,4.78,4.69,4.98,4.1,3.54,3.45,3.27,3.21,3.43,3.43,3.38,3.3,3.24,2.85,3,2.98,2.78,2.3,2.4,2.54,2.57,3.38,3.23,3.39,3.46,3.35,3.77,4.37,3.8,3.6,3.74,3.49,3.48,3.29,3.27,3.35,3.14,3.4,3.47,3.37,3.39,2.91,2.76,2.4,2.6,3.08,3.37,2.82,2.96,4.03,6.45,4.53
New Mexico , natural gas,dollars per mcf,ELEC.COST.NG-NM-99.M,W,W,W,W,W,W,W,W,W,W,W,W,W,W,W,W,W,W,W,W,W,W,W,W,W,W,W,W,W,W,W,W,W,W,W,W,5.17,5.53,4.74,5.16,5.14,5.44,5.05,4.86,4.84,4.59,4.37,4.1,3.82,W,2.83,W,3.05,3.04,W,3.48,3.59,W,4.36,4.15,4.07,4.07,4.22,4.74,4.77,4.36,4.24,4.05,4.25,4.32,4.41,4.77,4.98,6.86,5.21,5.22,5.2,5.35,4.79,4.59,4.61,4.79,4.51,4,3.71,3.11,3.09,3.03,3.26,3.61,3.86,3.28,3.13,3.11,2.64,2.46,2.91,2.57,2.56,2.69,2.47,2.87,3.31,3.3,3.43,3.3,3.06,4.21,4.02,3.65,3.27,3.85,3.69,3.51,3.53,3.5,3.45,3.36,3.69,3.67,4.18,3.06,2.59,2.04,2.18,2.64,2.59,2.45,2.19,2.35,2.51,2.42,2.72
Utah , natural gas,dollars per mcf,ELEC.COST.NG-UT-99.M,W,W,W,W,W,W,W,W,W,W,W,W,W,W,W,W,W,W,W,W,W,W,W,W,W,W,W,W,W,W,W,W,W,W,W,W,4.49,4.71,4.4,4.62,4.59,4.57,4.63,4.62,4.39,4.08,4.01,3.83,W,W,2.74,W,W,W,W,W,W,W,W,W,W,W,W,W,W,W,W,W,W,W,W,W,W,W,5.62,W,4.96,W,W,W,W,W,W,W,W,W,W,W,W,3.09,3.11,W,W,W,W,W,W,W,W,W,W,2.42,2.99,2.95,W,3.31,W,W,W,3.86,W,W,W,W,W,W,W,W,3.46,W,W,W,W,W,W,W,W,W,W,W,W,W,W
Wyoming , natural gas,dollars per mcf,ELEC.COST.NG-WY-99.M,W,W,W,W,W,W,W,W,W,W,W,W,W,W,W,W,W,W,W,W,W,W,W,W,W,W,W,W,W,W,W,W,W,W,W,W,3.16,2.91,3.11,3.06,3.56,3.61,3.87,5.15,3.23,3.08,2.77,2.62,1.12,W,W,0.95,0.71,W,W,W,W,0.96,W,1.21,W,5.67,W,W,W,W,W,W,W,W,W,W,W,W,W,W,W,W,W,W,W,W,W,W,W,W,W,W,W,W,W,W,3.94,4.45,3.76,W,W,W,W,7.07,W,W,W,W,W,11.39,W,W,4.43,W,14.29,W,W,W,W,W,W,W,4.08,3.34,W,W,W,W,W,W,W,W,W,W,W,W,W
California , natural gas,dollars per mcf,ELEC.COST.NG-CA-99.M,W,W,W,W,W,W,W,W,W,W,W,W,W,W,W,W,W,W,W,W,W,W,W,W,W,W,W,W,W,W,W,W,W,W,W,W,4.83,4.76,4.5,4.84,4.92,5.01,5.04,4.89,4.72,4.45,4.3,4.19,W,W,W,W,W,W,W,W,W,W,W,W,W,W,W,W,4.83,W,W,W,W,W,W,W,W,W,W,W,W,W,W,W,W,W,W,W,3.9,W,W,3.31,W,W,W,W,W,3.18,W,W,W,W,W,W,2.52,W,W,W,W,W,W,W,W,W,W,3.66,3.64,W,W,W,W,W,W,W,W,W,3.09,W,W,W,W,W,W,W,5.28,W,5.14
Oregon , natural gas,dollars per mcf,ELEC.COST.NG-OR-99.M,W,W,W,W,W,W,W,W,W,W,W,W,W,W,W,W,W,W,W,W,W,W,W,W,W,W,W,W,W,W,W,W,W,W,W,W,4.79,4.96,4.92,5.22,6.17,6.85,5.21,4.39,W,3.85,3.71,3.6,W,W,W,W,W,W,W,W,W,W,W,W,3.67,W,W,4.28,W,W,W,W,W,W,W,W,W,W,5.93,5.18,W,5.11,W,W,W,W,W,W,W,W,W,W,W,W,W,W,W,W,W,W,W,W,W,W,W,W,W,W,W,W,W,W,W,W,W,W,W,W,W,W,W,W,W,W,W,W,W,W,W,W,W,W,W,W,W,W,W
Washington , natural gas,dollars per mcf,ELEC.COST.NG-WA-99.M,W,W,W,W,W,W,W,W,W,W,W,W,W,W,W,W,W,W,W,W,W,W,W,W,W,W,W,W,W,W,W,W,W,W,W,W,6.08,5.72,5.3,5.5,4.84,6.04,5.49,5.35,W,5.97,5.03,4.94,W,W,W,W,W,4,W,W,W,W,W,W,5.27,W,W,5.22,5.17,W,W,W,W,W,W,W,W,W,6.17,5.44,W,5.27,W,W,W,W,W,W,W,W,W,W,W,W,W,W,W,W,W,W,W,W,W,W,W,W,W,W,W,W,W,W,W,W,W,W,W,W,W,W,W,W,W,W,W,W,W,W,W,W,W,W,W,W,W,W,W
Alaska , natural gas,dollars per mcf,ELEC.COST.NG-AK-99.M,W,W,W,W,W,W,W,W,W,W,W,W,W,W,W,W,W,W,W,W,W,W,W,W,W,W,W,W,W,W,W,W,W,W,W,W,W,W,W,W,W,W,W,W,W,W,W,W,W,W,W,W,W,W,W,W,W,W,W,W,4.63,4.63,4.61,4.43,4.6,4.78,4.82,4.86,5.11,4.78,4.79,4.8,4.61,4.56,4.5,5.47,5.49,5.42,5.26,5.27,5.33,4.96,4.97,5.13,5.95,5.49,5.41,W,4.86,5.14,5.19,5.21,W,5.45,5.48,5.44,6.47,6.43,W,6.47,W,W,W,6.49,W,6.86,6.91,7.21,7.13,7,7.15,7.02,7.1,7.04,6.98,W,7.14,7.11,7.16,7.21,W,W,W,W,W,W,W,W,W,W,W,W,W
Hawaii , natural gas,dollars per mcf,ELEC.COST.NG-HI-99.M,--,--,--,--,--,--,--,--,--,--,--,--,--,--,--,--,--,--,--,--,--,--,--,--,--,--,--,--,--,--,--,--,--,--,--,--,0,--,--,--,--,--,--,--,--,--,--,--,--,--,--,--,--,--,--,--,--,--,--,--,--,--,--,--,--,--,--,--,--,--,--,--,--,--,--,--,--,--,--,--,--,--,--,--,--,--,--,--,--,--,--,--,--,--,--,--,--,--,--,--,--,--,--,--,--,--,--,--,--,--,--,--,--,--,--,--,--,--,--,--,--,--,--,--,--,--,--,--,--,--,--,--,--
Connecticut , coal,dollars per tons,ELEC.COST.COW-CT-99.M,W,W,W,W,W,W,W,W,W,W,W,W,W,W,W,W,W,W,W,W,W,W,W,W,W,W,W,W,W,W,W,W,W,W,W,W,W,0,0,0,W,W,W,W,0,0,0,0,W,0,0,0,0,0,0,W,0,0,0,W,0,W,W,0,W,0,W,0,0,0,0,W,0,W,W,0,W,W,W,0,0,0,0,W,0,W,W,0,0,0,0,0,0,0,0,0,W,0,0,0,0,0,0,0,0,0,0,0,0,0,0,0,0,0,0,0,0,0,0,0,0,0,0,0,W,0,W,0,0,0,0,0,0
Connecticut , petroleum coke,dollars per tons,ELEC.COST.PC-CT-99.M,--,--,--,--,--,--,--,--,--,--,--,--,--,--,--,--,--,--,--,--,--,--,--,--,--,--,--,--,--,--,--,--,--,--,--,--,--,--,--,--,--,--,--,--,--,--,--,--,--,--,--,--,--,--,--,--,--,--,--,--,--,--,--,--,--,--,--,--,--,--,--,--,--,--,--,--,--,--,--,--,--,--,--,--,--,--,--,--,--,--,--,--,--,--,--,--,--,--,--,--,--,--,--,--,--,--,--,--,--,--,--,--,--,--,--,--,--,--,--,--,--,--,--,--,--,--,--,--,--,--,--,--,--
Maine , coal,dollars per tons,ELEC.COST.COW-ME-99.M,W,W,W,W,W,W,W,W,W,W,W,W,W,W,W,W,W,W,W,W,W,W,W,W,W,W,W,W,W,W,W,W,W,W,W,W,W,W,W,W,W,W,W,W,W,W,W,W,W,W,W,W,W,W,W,W,W,W,W,W,W,W,W,W,W,W,W,W,W,W,W,W,W,W,W,W,W,W,W,W,W,W,W,W,W,W,W,W,W,W,W,W,W,W,W,W,W,W,W,W,W,W,W,W,W,W,W,W,W,W,W,W,W,W,W,W,W,W,W,W,W,W,W,W,W,W,W,W,W,W,W,W,W
Maine , petroleum coke,dollars per tons,ELEC.COST.PC-ME-99.M,--,--,--,--,--,--,--,--,--,--,--,--,--,--,--,--,--,--,--,--,--,--,--,--,--,--,--,--,--,--,--,--,--,--,--,--,--,--,--,--,--,--,--,--,--,--,--,--,--,--,--,--,--,--,--,--,--,--,--,--,--,--,--,--,--,--,--,--,--,--,--,--,--,--,--,--,--,--,--,--,--,--,--,--,--,--,--,--,--,--,--,--,--,--,--,--,--,--,--,--,--,--,--,--,--,--,--,--,--,--,--,--,--,--,--,--,--,--,--,--,--,--,--,--,--,--,--,--,--,--,--,--,--
Massachusetts , coal,dollars per tons,ELEC.COST.COW-MA-99.M,W,W,W,W,W,W,W,W,W,W,W,W,W,W,W,W,W,W,W,W,W,W,W,W,W,W,W,W,W,W,W,W,W,W,W,W,W,W,W,W,W,W,W,W,W,W,W,101.68,W,W,W,W,W,W,W,W,W,W,W,W,W,W,W,W,W,W,W,W,W,W,W,W,W,W,W,W,W,W,W,W,0,W,W,W,W,W,W,W,W,0,W,W,W,0,W,W,W,W,W,W,0,0,W,W,W,W,W,0,W,W,0,0,0,0,0,0,0,0,0,0,0,0,0,0,0,0,0,0,0,0,0,0,0
Massachusetts , petroleum coke,dollars per tons,ELEC.COST.PC-MA-99.M,--,--,--,--,--,--,--,--,--,--,--,--,--,--,--,--,--,--,--,--,--,--,--,--,--,--,--,--,--,--,--,--,--,--,--,--,--,--,--,--,--,--,--,--,--,--,--,--,--,--,--,--,--,--,--,--,--,--,--,--,--,--,--,--,--,--,--,--,--,--,--,--,--,--,--,--,--,--,--,--,--,--,--,--,--,--,--,--,--,--,--,--,--,--,--,--,--,--,--,--,--,--,--,--,--,--,--,--,--,--,--,--,--,--,--,--,--,--,--,--,--,--,--,--,--,--,--,--,--,--,--,--,--
New Hampshire , coal,dollars per tons,ELEC.COST.COW-NH-99.M,W,W,W,W,W,W,W,W,W,W,W,W,W,W,W,W,W,W,W,W,W,W,W,W,W,W,W,W,W,W,W,W,W,W,W,W,W,W,W,W,W,W,W,W,W,W,W,W,W,W,W,W,W,0,0,W,W,W,W,W,W,W,W,W,W,W,W,W,W,W,W,W,W,W,W,W,W,W,W,W,0,W,W,W,W,W,W,W,W,W,W,W,W,W,W,0,0,0,0,W,W,W,W,W,W,W,0,0,W,0,0,0,0,0,0,0,0,0,0,0,W,0,0,0,0,0,0,0,0,0,0,W,0
New Hampshire , petroleum coke,dollars per tons,ELEC.COST.PC-NH-99.M,--,--,--,--,--,--,--,--,--,--,--,--,--,--,--,--,--,--,--,--,--,--,--,--,--,--,--,--,--,--,--,--,--,--,--,--,--,--,--,--,--,--,--,--,--,--,--,--,--,--,--,--,--,--,--,--,--,--,--,--,--,--,--,--,--,--,--,--,--,--,--,--,--,--,--,--,--,--,--,--,--,--,--,--,--,--,--,--,--,--,--,--,--,--,--,--,--,--,--,--,--,--,--,--,--,--,--,--,--,--,--,--,--,--,--,--,--,--,--,--,--,--,--,--,--,--,--,--,--,--,--,--,--
Rhode Island , coal,dollars per tons,ELEC.COST.COW-RI-99.M,--,--,--,--,--,--,--,--,--,--,--,--,--,--,--,--,--,--,--,--,--,--,--,--,--,--,--,--,--,--,--,--,--,--,--,--,--,--,--,--,--,--,--,--,--,--,--,--,--,--,--,--,--,--,--,--,--,--,--,--,--,--,--,--,--,--,--,--,--,--,--,--,0,W,0,0,W,W,W,0,0,0,0,0,0,0,0,0,0,0,0,0,0,0,0,0,0,0,0,0,0,0,0,0,0,0,0,0,0,0,0,0,0,0,0,0,0,0,0,0,0,0,0,0,0,0,0,W,0,0,0,0,0
Rhode Island , petroleum coke,dollars per tons,ELEC.COST.PC-RI-99.M,--,--,--,--,--,--,--,--,--,--,--,--,--,--,--,--,--,--,--,--,--,--,--,--,--,--,--,--,--,--,--,--,--,--,--,--,--,--,--,--,--,--,--,--,--,--,--,--,--,--,--,--,--,--,--,--,--,--,--,--,--,--,--,--,--,--,--,--,--,--,--,--,--,--,--,--,--,--,--,--,--,--,--,--,--,--,--,--,--,--,--,--,--,--,--,--,--,--,--,--,--,--,--,--,--,--,--,--,--,--,--,--,--,--,--,--,--,--,--,--,--,--,--,--,--,--,--,--,--,--,--,--,--
Vermont , coal,dollars per tons,ELEC.COST.COW-VT-99.M,--,--,--,--,--,--,--,--,--,--,--,--,--,--,--,--,--,--,--,--,--,--,--,--,--,--,--,--,--,--,--,--,--,--,--,--,--,--,--,--,--,--,--,--,--,--,--,--,--,--,--,--,--,--,--,--,--,--,--,--,--,--,--,--,--,--,--,--,--,--,--,--,--,--,--,--,--,--,--,--,--,--,--,--,--,--,--,--,--,--,--,--,--,--,--,--,--,--,--,--,--,--,--,--,--,--,--,--,--,--,--,--,--,--,--,--,--,--,--,--,--,--,--,--,--,--,--,--,--,--,--,--,--
Vermont , petroleum coke,dollars per tons,ELEC.COST.PC-VT-99.M,--,--,--,--,--,--,--,--,--,--,--,--,--,--,--,--,--,--,--,--,--,--,--,--,--,--,--,--,--,--,--,--,--,--,--,--,--,--,--,--,--,--,--,--,--,--,--,--,--,--,--,--,--,--,--,--,--,--,--,--,--,--,--,--,--,--,--,--,--,--,--,--,--,--,--,--,--,--,--,--,--,--,--,--,--,--,--,--,--,--,--,--,--,--,--,--,--,--,--,--,--,--,--,--,--,--,--,--,--,--,--,--,--,--,--,--,--,--,--,--,--,--,--,--,--,--,--,--,--,--,--,--,--
New Jersey , coal,dollars per tons,ELEC.COST.COW-NJ-99.M,W,W,W,W,W,W,W,W,W,W,W,W,W,W,W,W,W,W,W,W,W,W,W,W,W,W,W,W,W,W,W,W,W,W,W,W,106.95,107.16,107.69,106.32,103.59,102.81,106.59,105.64,109.86,106.2,108.79,91.79,105.22,106.42,W,W,W,W,102.25,98.31,100.39,96.27,104.14,W,W,W,95.27,96.79,94.18,96.61,98.9,100.68,100.79,103.06,101.67,100.43,97.56,97.02,98.59,97.54,98.07,98.15,98.86,W,W,115.45,110.42,106.53,105.74,103.33,101.27,98.73,W,W,92.23,W,W,86.44,W,W,W,W,W,W,W,W,W,W,W,W,W,W,W,W,W,W,W,W,W,W,W,W,W,W,W,W,W,W,W,W,W,W,W,W,W,W,W
New Jersey , petroleum coke,dollars per tons,ELEC.COST.PC-NJ-99.M,--,--,--,--,--,--,--,--,--,--,--,--,--,--,--,--,--,--,--,--,--,--,--,--,--,--,--,--,--,--,--,--,--,--,--,--,W,W,W,W,W,W,W,W,W,W,W,W,0,0,0,0,0,0,0,0,0,0,0,0,0,0,0,0,0,0,0,0,0,0,0,0,0,0,0,0,0,0,0,0,0,0,0,0,0,0,0,0,0,0,0,0,0,0,0,0,0,0,0,0,0,0,0,0,0,0,0,0,0,0,0,0,0,0,0,0,0,0,0,0,0,0,0,0,0,0,0,0,0,0,0,0,0
New York , coal,dollars per tons,ELEC.COST.COW-NY-99.M,W,W,W,W,W,W,W,W,W,W,W,W,W,W,W,W,W,W,W,W,W,W,W,W,W,W,W,W,W,W,W,W,W,W,W,W,W,W,W,W,W,W,W,W,W,W,W,W,W,W,87.8,W,W,W,W,W,W,W,W,W,67.4,72.53,W,W,W,W,W,W,W,W,W,W,W,W,W,W,W,W,W,69.52,W,W,W,W,W,W,W,W,W,W,W,W,W,W,61.72,67.25,W,W,W,W,W,W,W,W,W,W,W,W,W,W,W,W,W,W,W,W,0,W,W,W,93.48,W,W,0,0,W,W,W,0,0,W,W,W
New York , petroleum coke,dollars per tons,ELEC.COST.PC-NY-99.M,W,W,W,W,W,W,W,W,W,W,W,W,W,W,W,W,W,W,W,W,W,W,W,W,W,W,W,W,W,W,W,W,W,W,W,W,W,W,W,W,W,W,W,W,W,W,W,W,0,0,0,0,0,0,0,0,0,0,0,0,0,0,0,0,0,0,0,0,0,0,0,0,0,0,0,0,0,0,0,0,0,0,0,0,0,0,0,0,0,0,0,0,0,0,0,0,0,0,0,0,0,0,0,0,0,0,0,0,0,0,0,0,0,0,0,0,0,0,0,0,0,0,0,0,0,0,0,0,0,0,0,0,0
Pennsylvania , coal,dollars per tons,ELEC.COST.COW-PA-99.M,W,W,W,W,W,W,W,W,W,W,W,W,W,W,W,W,W,W,W,W,W,W,W,W,W,W,W,W,W,W,W,W,W,W,W,W,W,W,W,W,W,W,W,W,W,W,W,W,W,W,W,W,51.36,W,W,W,W,W,W,W,56.51,W,W,W,W,W,W,W,W,W,W,W,W,W,W,W,W,W,W,53.2,W,55.39,W,W,W,W,W,W,W,W,W,W,W,W,W,W,41.63,42.63,42.02,W,37.79,W,W,W,W,W,W,41,W,W,41.14,43.38,39.6,W,W,39.09,W,W,W,W,62.97,W,W,W,50.51,W,W,W,W,W,W,W,46.72
Pennsylvania , petroleum coke,dollars per tons,ELEC.COST.PC-PA-99.M,W,W,W,W,W,W,W,W,W,W,W,W,W,W,W,W,W,W,W,W,W,W,W,W,W,W,W,W,W,W,W,W,W,W,W,W,W,W,W,W,W,W,W,W,W,W,W,W,W,W,W,W,W,W,W,W,W,W,W,W,W,W,W,W,W,W,W,W,W,W,W,W,W,W,W,W,W,W,W,W,W,W,W,W,W,W,W,W,W,W,W,W,W,W,W,W,W,W,W,W,W,W,W,W,W,W,W,W,0,0,0,0,0,0,0,0,0,0,0,0,0,0,0,0,0,0,0,0,0,0,0,0,0
Illinois , coal,dollars per tons,ELEC.COST.COW-IL-99.M,W,W,W,W,W,W,W,W,W,W,W,W,W,W,W,W,W,W,W,W,W,W,W,W,W,W,W,W,W,W,W,W,W,W,W,W,30.49,32.01,30.64,31.12,31.68,31.43,32.26,32.18,31.62,30.44,29.72,31.43,W,W,W,W,W,W,W,W,W,W,W,W,W,W,W,W,W,W,W,W,W,W,W,W,W,W,W,36.1,W,W,W,W,35.87,W,W,W,W,W,W,W,W,34.19,W,W,33.77,W,W,W,W,W,W,31.21,37.36,31.53,31.9,31.78,W,29.12,W,30.91,32.47,W,32.81,32.34,W,W,W,W,31.95,31.67,31.08,W,W,W,W,W,W,31.5,W,W,W,W,W,W,W
Illinois , petroleum coke,dollars per tons,ELEC.COST.PC-IL-99.M,W,W,W,W,W,W,W,W,W,W,W,W,W,W,W,W,W,W,W,W,W,W,W,W,W,W,W,W,W,W,W,W,W,W,W,W,--,--,--,--,--,--,--,--,--,--,--,--,--,--,--,--,--,--,--,--,--,--,--,--,--,--,--,--,--,--,--,--,--,--,--,--,--,--,--,--,0,0,0,0,0,0,0,0,0,0,0,0,0,0,0,0,0,0,0,0,0,0,0,0,0,0,0,0,0,0,0,0,0,0,0,0,0,0,0,0,0,0,0,0,0,0,0,0,0,0,0,0,0,0,0,0,0
Indiana , coal,dollars per tons,ELEC.COST.COW-IN-99.M,W,W,W,W,W,W,W,W,W,W,W,W,W,W,W,W,W,W,W,W,W,W,W,W,W,W,W,W,W,W,W,W,W,W,W,W,50.41,50.78,50.33,51.44,53.27,53.46,54.5,55.08,54.57,53.68,52.94,53.13,W,W,W,W,W,W,W,W,W,W,W,W,W,W,W,W,W,W,W,W,W,W,W,W,W,W,W,W,W,W,W,W,W,W,W,W,W,W,W,W,W,W,W,W,W,W,W,W,W,W,W,W,W,W,W,W,W,W,W,W,W,W,W,W,W,W,W,W,W,W,W,W,W,W,W,W,W,W,W,W,W,W,W,W,W
Indiana , petroleum coke,dollars per tons,ELEC.COST.PC-IN-99.M,W,W,W,W,W,W,W,W,W,W,W,W,W,W,W,W,W,W,W,W,W,W,W,W,W,W,W,W,W,W,W,W,W,W,W,W,W,W,W,W,W,W,W,W,W,W,0,W,W,W,0,0,W,W,W,W,W,0,0,0,0,0,0,0,0,0,0,0,0,0,0,0,W,W,W,W,W,W,W,W,W,W,W,W,W,W,0,0,W,W,W,W,W,W,W,W,W,W,W,W,0,0,0,0,0,0,0,0,0,0,0,0,0,0,0,0,0,0,0,0,0,0,0,0,0,0,0,0,0,0,0,0,0
Michigan , coal,dollars per tons,ELEC.COST.COW-MI-99.M,W,W,W,W,W,W,W,W,W,W,W,W,W,W,W,W,W,W,W,W,W,W,W,W,W,W,W,W,W,W,W,W,W,W,W,W,44.13,55.95,56.54,52.13,54.01,50.46,52.75,54.52,52.12,51.39,50.99,52.5,56.16,W,W,W,52.76,54.54,53.89,55.66,W,50.87,51.14,51.62,W,W,W,50.37,49.94,51.58,49.73,48.38,50.01,46.89,W,48.55,50.24,W,W,55.17,47.99,47.83,48.66,46.99,48.2,51.63,W,51.03,48.71,W,W,46.27,W,44.9,45.2,44.91,W,42.46,43.67,43.9,W,W,W,W,W,W,W,W,W,W,W,W,W,40.8,W,W,W,W,W,W,W,W,W,W,41.22,40.44,W,41.26,W,W,W,W,W,W,W,39.35,37.33
Michigan , petroleum coke,dollars per tons,ELEC.COST.PC-MI-99.M,W,W,W,W,W,W,W,W,W,W,W,W,W,W,W,W,W,W,W,W,W,W,W,W,W,W,W,W,W,W,W,W,W,W,W,W,W,W,W,W,W,W,W,W,W,W,W,W,W,0,0,0,W,W,W,W,W,W,W,W,0,W,0,W,W,W,W,W,W,W,W,W,W,W,W,W,W,W,W,W,W,W,W,W,W,W,W,W,W,W,W,W,W,W,W,W,0,W,W,W,W,W,W,W,W,W,W,W,W,W,W,W,W,W,W,W,W,W,W,W,W,W,W,W,W,W,W,W,W,W,W,W,W
Ohio , coal,dollars per tons,ELEC.COST.COW-OH-99.M,W,W,W,W,W,W,W,W,W,W,W,W,W,W,W,W,W,W,W,W,W,W,W,W,W,W,W,W,W,W,W,W,W,W,W,W,55.48,57.7,58.15,56.89,57.07,57.97,58.96,59.86,58.93,57.41,58.01,59.94,58.01,60.86,60.76,59.25,60.13,61.89,60,59.11,58.66,59.32,57.87,57.8,55.38,54.8,54.35,54.36,55.09,54.11,53.55,54.69,54.34,55.55,54.55,54.42,55.39,W,W,W,55.53,54.99,56.1,55.77,W,54.57,55.82,56.87,54.29,54.85,53.7,55.1,53.4,W,52.77,52.92,W,53.25,52.19,52.13,W,W,W,W,W,W,W,W,W,51.17,W,49.11,48,W,47.98,47.06,46.87,47.5,W,W,46.63,46.41,45.97,W,W,W,W,W,W,43.81,W,W,W,W,W,W,W
Ohio , petroleum coke,dollars per tons,ELEC.COST.PC-OH-99.M,W,W,W,W,W,W,W,W,W,W,W,W,W,W,W,W,W,W,W,W,W,W,W,W,W,W,W,W,W,W,W,W,W,W,W,W,W,W,W,W,W,W,W,W,W,W,W,W,0,0,0,0,0,0,0,0,0,0,0,0,0,0,0,0,0,0,0,0,0,0,0,0,0,0,W,W,W,W,W,W,W,W,W,W,W,W,W,W,W,W,W,W,W,W,W,W,W,W,W,W,W,W,W,W,W,W,W,W,0,0,0,0,0,0,0,0,0,0,0,0,0,0,0,0,0,0,0,0,0,0,0,0,0
Wisconsin , coal,dollars per tons,ELEC.COST.COW-WI-99.M,W,W,W,W,W,W,W,W,W,W,W,W,W,W,W,W,W,W,W,W,W,W,W,W,W,W,W,W,W,W,W,W,W,W,W,W,48,44,44.5,46.43,47.7,48.36,46.85,48.26,49.11,47.55,45.68,47.32,W,W,W,W,W,W,W,W,W,W,W,W,W,W,W,W,W,W,W,W,W,W,W,W,W,W,W,W,W,W,W,W,W,W,W,W,W,W,W,W,W,W,W,W,W,W,W,W,W,W,W,W,W,W,W,W,W,W,W,W,W,W,W,W,W,W,W,W,W,W,W,W,39.17,38.39,39.94,40.84,W,W,40.61,W,41.44,W,W,40.08,40.11
Wisconsin , petroleum coke,dollars per tons,ELEC.COST.PC-WI-99.M,W,W,W,W,W,W,W,W,W,W,W,W,W,W,W,W,W,W,W,W,W,W,W,W,W,W,W,W,W,W,W,W,W,W,W,W,47.98,47.87,49.58,W,W,51.68,59.08,59.71,56.79,61.31,W,W,W,W,W,W,W,W,W,W,W,W,W,W,W,W,W,W,W,W,W,W,W,W,W,W,W,W,W,W,W,W,W,W,W,W,W,W,W,W,W,W,W,W,W,W,W,W,W,W,W,W,W,W,W,W,W,W,W,W,W,W,W,W,W,W,W,W,W,W,W,W,W,W,W,W,W,W,W,W,W,W,W,W,W,W,W
Iowa , coal,dollars per tons,ELEC.COST.COW-IA-99.M,W,W,W,W,W,W,W,W,W,W,W,W,W,W,W,W,W,W,W,W,W,W,W,W,W,W,W,W,W,W,W,W,W,W,W,W,25,24.76,25.56,26.04,27.18,26.62,25.89,26.92,26.96,26.97,26.64,26.04,W,W,W,W,W,W,W,W,W,W,W,W,W,W,W,W,W,W,W,W,W,W,W,W,W,W,W,W,W,W,W,W,W,W,W,W,W,W,W,W,W,W,W,W,W,W,W,W,W,W,W,W,W,W,W,W,W,W,W,W,W,W,W,W,30.79,W,W,W,W,W,W,W,W,W,W,W,W,W,W,W,W,W,W,W,W
Iowa , petroleum coke,dollars per tons,ELEC.COST.PC-IA-99.M,W,W,W,W,W,W,W,W,W,W,W,W,W,W,W,W,W,W,W,W,W,W,W,W,W,W,W,W,W,W,W,W,W,W,W,W,W,W,W,W,W,W,W,W,W,W,W,W,0,0,0,0,0,0,0,0,0,0,0,0,0,0,0,0,0,0,0,0,0,0,0,0,0,0,0,0,0,0,0,0,0,0,0,0,0,0,0,0,0,0,0,0,0,0,0,0,0,0,0,0,0,0,0,0,0,0,0,0,0,0,0,0,0,W,W,W,W,W,W,0,0,0,0,0,0,0,W,W,W,W,W,W,0
Kansas , coal,dollars per tons,ELEC.COST.COW-KS-99.M,W,W,W,W,W,W,W,W,W,W,W,W,W,W,W,W,W,W,W,W,W,W,W,W,W,W,W,W,W,W,W,W,W,W,W,W,28.85,29.08,29.21,30.08,30.08,30.16,30.57,30.61,30.86,30.49,30.72,30.28,31.33,31.01,31.62,32.22,32.47,32.22,31.69,31.49,31.49,31.73,31.83,32.07,32.01,31.82,31.11,30.83,30.37,30.64,30.35,30.53,30.75,28.28,30.14,29.97,29.97,30.21,30.59,31.27,31.27,31.85,31.77,31.51,31.43,31.08,30.57,30.8,30.59,30.08,29.3,28.71,28.62,29.42,29.35,28.87,28.87,28.64,29.56,28.92,29.04,30.4,29.3,29.36,28.74,28.88,28.8,31.03,28.36,28.45,29.83,29,28.97,29.03,29.71,31.31,31.08,29.91,29.34,29.24,28.18,28.5,31.52,28.8,28.77,29.17,28.71,29.59,29.74,29.8,29.76,28.87,29.27,29.57,29.59,29.37,28.7
Kansas , petroleum coke,dollars per tons,ELEC.COST.PC-KS-99.M,W,W,W,W,W,W,W,W,W,W,W,W,W,W,W,W,W,W,W,W,W,W,W,W,W,W,W,W,W,W,W,W,W,W,W,W,W,W,W,0,0,0,0,0,0,0,0,0,0,0,0,0,0,0,0,0,0,0,0,0,0,0,0,0,0,0,0,0,0,0,0,0,0,0,0,0,0,0,0,0,0,0,0,0,0,0,0,0,0,0,0,0,0,0,--,0,--,--,--,--,0,--,--,--,--,--,--,--,--,--,--,--,--,--,--,--,--,--,--,--,--,--,--,--,--,--,--,--,--,--,--,--,--
Minnesota , coal,dollars per tons,ELEC.COST.COW-MN-99.M,W,W,W,W,W,W,W,W,W,W,W,W,W,W,W,W,W,W,W,W,W,W,W,W,W,W,W,W,W,W,W,W,W,W,W,W,33.89,33.25,34.17,33.02,34.97,33.6,34.11,33.41,35.89,34.33,35.03,34.54,W,W,W,W,W,W,W,W,W,W,W,W,W,W,W,W,W,W,W,W,W,W,W,W,W,W,W,W,W,W,W,W,W,W,W,W,W,W,W,W,W,W,W,W,W,W,W,W,W,W,W,W,W,W,W,W,W,W,W,W,37.46,37.72,W,W,W,37.08,W,36.74,W,35.12,36.43,W,37.03,37.67,37.49,W,W,38.93,W,39.43,39.27,39.32,W,39.89,36.78
Minnesota , petroleum coke,dollars per tons,ELEC.COST.PC-MN-99.M,W,W,W,W,W,W,W,W,W,W,W,W,W,W,W,W,W,W,W,W,W,W,W,W,W,W,W,W,W,W,W,W,W,W,W,W,0,0,0,0,0,0,0,0,0,0,0,0,0,0,0,0,0,0,0,0,0,0,0,0,0,0,0,0,0,0,0,0,0,0,0,0,0,0,0,0,--,--,--,--,--,--,--,--,--,--,--,--,--,--,--,--,--,--,--,--,--,--,--,--,--,--,--,--,--,--,--,--,--,--,--,--,--,--,--,--,--,--,--,--,--,--,--,--,--,--,--,--,--,--,--,--,--
Missouri , coal,dollars per tons,ELEC.COST.COW-MO-99.M,W,W,W,W,W,W,W,W,W,W,W,W,W,W,W,W,W,W,W,W,W,W,W,W,W,W,W,W,W,W,W,W,W,W,W,W,29.13,29.57,30.05,30.52,30.5,30.82,31.25,31.33,31.38,30.94,30.1,30.32,W,W,W,W,W,W,W,W,W,W,W,W,W,W,W,W,W,W,W,W,W,W,W,W,W,W,W,W,W,W,W,W,W,W,W,W,W,W,W,W,W,W,W,33.23,W,W,W,W,W,W,W,W,32.55,32.4,32.74,W,W,W,W,W,W,W,W,W,W,W,32.69,W,W,W,W,W,W,W,W,32.25,31.31,31.04,31.97,32.02,30.89,W,W,W,W
Missouri , petroleum coke,dollars per tons,ELEC.COST.PC-MO-99.M,W,W,W,W,W,W,W,W,W,W,W,W,W,W,W,W,W,W,W,W,W,W,W,W,W,W,W,W,W,W,W,W,W,W,W,W,0,0,0,0,0,0,0,0,0,0,0,0,0,0,0,0,0,0,0,0,0,0,0,0,0,0,0,0,0,0,0,0,0,0,0,0,0,0,0,0,0,--,--,--,--,--,--,--,--,--,--,--,--,--,--,--,--,--,--,--,--,--,--,0,--,--,--,--,--,--,--,--,--,--,--,--,--,--,--,--,--,--,--,--,--,--,--,--,--,--,--,--,--,--,--,--,--
Nebraska , coal,dollars per tons,ELEC.COST.COW-NE-99.M,W,W,W,W,W,W,W,W,W,W,W,W,W,W,W,W,W,W,W,W,W,W,W,W,W,W,W,W,W,W,W,W,W,W,W,W,W,W,W,W,W,W,W,W,W,W,W,W,W,W,W,W,W,W,W,W,W,W,W,W,W,W,W,W,W,W,W,W,W,W,W,W,W,W,W,W,W,W,W,W,W,W,W,W,W,W,W,W,W,W,W,W,W,W,W,W,W,W,W,W,W,W,W,W,W,W,W,W,W,W,W,W,W,W,W,W,W,W,W,W,W,W,W,W,W,W,W,W,W,W,W,W,W
Nebraska , petroleum coke,dollars per tons,ELEC.COST.PC-NE-99.M,--,--,--,--,--,--,--,--,--,--,--,--,--,--,--,--,--,--,--,--,--,--,--,--,--,--,--,--,--,--,--,--,--,--,--,--,--,--,--,--,--,--,--,--,--,--,--,--,--,--,--,--,--,--,--,--,--,--,--,--,--,--,--,--,--,--,--,--,--,--,--,--,--,--,--,--,--,--,--,--,--,--,--,--,--,--,--,--,--,--,--,--,--,--,--,--,--,--,--,--,--,--,--,--,--,--,--,--,--,--,--,--,--,--,--,--,--,--,--,--,--,--,--,--,--,--,--,--,--,--,--,--,--
North Dakota , coal,dollars per tons,ELEC.COST.COW-ND-99.M,W,W,W,W,W,W,W,W,W,W,W,W,W,W,W,W,W,W,W,W,W,W,W,W,W,W,W,W,W,W,W,W,W,W,W,W,W,W,W,W,W,W,W,W,W,W,W,W,W,18.89,19.55,21.47,21.27,20.12,18.91,18.89,21.45,19.72,19.18,19.48,18.79,19.35,19.45,21.15,21.47,21.82,20.5,20.22,21.47,19.09,21.13,21.42,19.9,18.95,18.76,20.75,21.97,21.46,22.39,21.31,21.08,18.91,18.46,19.99,19.14,21.03,22.66,20.63,21.02,21.09,19.11,20.03,21.89,18.71,22.15,21.43,19.22,20.28,21.8,22.31,21.6,21.32,20.14,19.35,21.66,18.68,20.04,21.69,21.53,20.26,21.57,23.62,22.66,22.93,19.91,20.34,21.27,18.6,19.65,20.97,19.03,19.01,20.23,20.18,20.48,20.55,19.58,20.71,19.87,19.1,22.17,21.04,19.85
North Dakota , petroleum coke,dollars per tons,ELEC.COST.PC-ND-99.M,--,--,--,--,--,--,--,--,--,--,--,--,--,--,--,--,--,--,--,--,--,--,--,--,--,--,--,--,--,--,--,--,--,--,--,--,--,--,--,--,--,--,--,--,--,--,--,--,--,--,--,--,--,--,--,--,--,--,--,--,--,--,--,--,--,--,--,--,--,--,--,--,--,--,--,--,--,--,--,--,--,--,--,--,--,--,--,--,--,--,--,--,--,--,--,--,--,--,--,--,--,--,--,--,--,--,--,--,--,--,--,--,--,--,--,--,--,--,--,--,--,--,--,--,--,--,--,--,--,--,--,--,--
South Dakota , coal,dollars per tons,ELEC.COST.COW-SD-99.M,W,W,W,W,W,W,W,W,W,W,W,W,W,W,W,W,W,W,W,W,W,W,W,W,W,W,W,W,W,W,W,W,W,W,W,W,W,W,W,W,W,W,W,W,W,W,W,W,W,W,W,W,W,W,W,W,W,W,W,W,W,W,W,W,W,W,W,W,W,W,W,W,W,W,W,W,W,W,W,W,W,W,W,W,W,W,0,0,0,W,W,W,W,W,W,W,W,W,W,W,W,W,W,W,W,W,W,W,W,W,W,W,W,W,W,W,W,W,W,W,W,W,W,W,W,W,W,W,W,W,0,W,W
South Dakota , petroleum coke,dollars per tons,ELEC.COST.PC-SD-99.M,--,--,--,--,--,--,--,--,--,--,--,--,--,--,--,--,--,--,--,--,--,--,--,--,--,--,--,--,--,--,--,--,--,--,--,--,--,--,--,--,--,--,--,--,--,--,--,--,--,--,--,--,--,--,--,--,--,--,--,--,--,--,--,--,--,--,--,--,--,--,--,--,--,--,--,--,--,--,--,--,--,--,--,--,--,--,--,--,--,--,--,--,--,--,--,--,--,--,--,--,--,--,--,--,--,--,--,--,--,--,--,--,--,--,--,--,--,--,--,--,--,--,--,--,--,--,--,--,--,--,--,--,--
Delaware , coal,dollars per tons,ELEC.COST.COW-DE-99.M,W,W,W,W,W,W,W,W,W,W,W,W,W,W,W,W,W,W,W,W,W,W,W,W,W,W,W,W,W,W,W,W,W,W,W,W,W,W,W,W,W,W,W,W,W,W,W,W,W,W,W,W,W,W,W,W,W,W,W,W,W,W,W,W,W,W,W,W,W,W,W,W,W,W,W,W,W,W,W,W,0,W,W,W,W,W,W,W,W,W,0,0,0,0,0,0,0,W,W,W,W,W,W,W,W,0,W,W,W,W,W,W,W,W,0,0,0,0,0,0,0,0,0,0,0,0,0,0,0,W,W,0,W
Delaware , petroleum coke,dollars per tons,ELEC.COST.PC-DE-99.M,W,W,W,W,W,W,W,W,W,W,W,W,W,W,W,W,W,W,W,W,W,W,W,W,W,W,W,W,W,W,W,W,W,W,W,W,0,0,0,0,0,0,0,0,0,0,0,0,0,0,0,0,0,0,0,0,0,0,0,0,0,0,0,0,0,0,0,0,0,0,0,0,0,0,0,0,0,0,0,0,0,0,0,0,0,0,0,0,0,0,0,0,0,0,0,0,0,0,0,0,0,0,0,0,0,0,0,0,0,0,0,0,0,0,0,0,0,0,0,0,0,0,0,0,0,0,0,0,0,0,0,0,0
District Of Columbia , coal,dollars per tons,ELEC.COST.COW-DC-99.M,--,--,--,--,--,--,--,--,--,--,--,--,--,--,--,--,--,--,--,--,--,--,--,--,--,--,--,--,--,--,--,--,--,--,--,--,--,--,--,--,--,--,--,--,--,--,--,--,--,--,--,--,--,--,--,--,--,--,--,--,--,--,--,--,--,--,--,--,--,--,--,--,--,--,--,--,--,--,--,--,--,--,--,--,--,--,--,--,--,--,--,--,--,--,--,--,--,--,--,--,--,--,--,--,--,--,--,--,--,--,--,--,--,--,--,--,--,--,--,--,--,--,--,--,--,--,--,--,--,--,--,--,--
District Of Columbia , petroleum coke,dollars per tons,ELEC.COST.PC-DC-99.M,--,--,--,--,--,--,--,--,--,--,--,--,--,--,--,--,--,--,--,--,--,--,--,--,--,--,--,--,--,--,--,--,--,--,--,--,--,--,--,--,--,--,--,--,--,--,--,--,--,--,--,--,--,--,--,--,--,--,--,--,--,--,--,--,--,--,--,--,--,--,--,--,--,--,--,--,--,--,--,--,--,--,--,--,--,--,--,--,--,--,--,--,--,--,--,--,--,--,--,--,--,--,--,--,--,--,--,--,--,--,--,--,--,--,--,--,--,--,--,--,--,--,--,--,--,--,--,--,--,--,--,--,--
Florida , coal,dollars per tons,ELEC.COST.COW-FL-99.M,W,W,W,W,W,W,W,W,W,W,W,W,W,W,W,W,W,W,W,W,W,W,W,W,W,W,W,W,W,W,W,W,W,W,W,W,86.48,84.64,84.6,88.77,88.25,84.47,85.82,88.19,82.22,84.96,83.53,82.63,85.27,82.61,82.75,86.46,W,W,W,W,86.66,84.76,82.3,W,W,W,W,W,W,W,W,W,W,W,W,W,77.78,81.39,W,W,W,W,W,W,78.62,77.21,W,76.82,W,73.31,71.25,73.17,W,73.3,73.13,74.52,74.57,74.41,73.67,W,W,W,70.54,W,W,W,W,W,W,W,70.72,70.02,W,70.7,W,W,W,W,W,69.42,W,W,W,W,W,W,W,W,W,W,66.94,W,66.19,W,W,72.2,68.82
Florida , petroleum coke,dollars per tons,ELEC.COST.PC-FL-99.M,W,W,W,W,W,W,W,W,W,W,W,W,W,W,W,W,W,W,W,W,W,W,W,W,W,W,W,W,W,W,W,W,W,W,W,W,W,W,W,W,W,W,W,W,W,W,W,W,W,W,W,W,W,0,W,W,W,W,W,W,W,W,W,W,W,W,W,W,W,W,W,W,W,W,W,W,W,W,W,W,W,W,W,W,W,W,W,W,W,73.74,W,W,W,W,W,W,W,W,W,W,W,W,W,W,W,W,W,W,W,W,W,W,W,W,W,W,W,W,W,W,W,W,W,W,0,W,W,W,W,0,W,W,W
Georgia , coal,dollars per tons,ELEC.COST.COW-GA-99.M,W,W,W,W,W,W,W,W,W,W,W,W,W,W,W,W,W,W,W,W,W,W,W,W,W,W,W,W,W,W,W,W,W,W,W,W,81.74,85.24,78.85,75.89,82.39,80.72,84.84,84.84,78.93,76.52,75.04,77.53,76.68,W,W,72.41,W,W,74.49,73.16,W,W,64.86,W,68.69,W,65.64,65.73,W,W,W,W,59.78,W,W,62.56,W,61.69,66.01,65.14,W,W,W,W,W,59.54,59.91,58.93,W,58.72,W,W,63.65,W,W,W,W,W,W,W,W,57.79,W,W,W,W,W,W,W,W,W,W,W,W,W,W,W,W,W,W,W,54.5,W,W,57.82,57.3,W,W,56.28,56.23,W,W,W,W,W,W,W
Georgia , petroleum coke,dollars per tons,ELEC.COST.PC-GA-99.M,W,W,W,W,W,W,W,W,W,W,W,W,W,W,W,W,W,W,W,W,W,W,W,W,W,W,W,W,W,W,W,W,W,W,W,W,W,W,W,W,W,W,W,W,W,W,W,W,W,0,0,W,W,W,W,W,W,0,W,W,W,0,0,W,W,W,W,W,W,W,W,W,W,0,W,W,0,W,W,W,W,W,W,W,W,W,W,W,W,W,W,0,W,0,0,W,W,0,W,W,W,W,W,W,W,W,W,W,0,0,0,0,0,0,0,0,0,0,0,0,0,0,0,0,0,0,0,0,0,0,0,0,0
Maryland , coal,dollars per tons,ELEC.COST.COW-MD-99.M,W,W,W,W,W,W,W,W,W,W,W,W,W,W,W,W,W,W,W,W,W,W,W,W,W,W,W,W,W,W,W,W,W,W,W,W,W,W,W,W,W,W,W,W,W,W,W,W,W,W,W,W,W,W,W,W,W,W,W,W,W,W,W,W,W,W,W,W,W,W,W,W,W,W,W,W,W,W,W,W,W,W,W,W,76.32,W,W,W,W,W,W,W,W,W,W,W,W,W,W,W,W,W,W,W,W,W,W,W,W,W,W,W,W,W,W,W,W,62.73,W,W,W,W,W,W,W,W,W,W,W,W,W,W,W
Maryland , petroleum coke,dollars per tons,ELEC.COST.PC-MD-99.M,--,--,--,--,--,--,--,--,--,--,--,--,--,--,--,--,--,--,--,--,--,--,--,--,--,--,--,--,--,--,--,--,--,--,--,--,--,--,--,--,--,--,--,--,--,--,--,--,--,--,--,--,--,--,--,--,--,--,--,--,--,--,--,--,--,--,--,--,--,--,--,--,--,--,--,--,--,--,--,--,--,--,--,--,--,--,--,--,--,--,--,--,--,--,--,--,--,--,--,--,--,--,--,--,--,--,--,--,--,--,--,--,--,--,--,--,--,--,--,--,--,--,--,--,--,--,--,--,--,--,--,--,--
North Carolina , coal,dollars per tons,ELEC.COST.COW-NC-99.M,W,W,W,W,W,W,W,W,W,W,W,W,W,W,W,W,W,W,W,W,W,W,W,W,W,W,W,W,W,W,W,W,W,W,W,W,87.6,87.34,86.49,W,87.27,88.07,89.41,90.54,89.66,W,90.76,90.66,W,W,W,W,W,W,W,W,W,W,W,W,W,W,W,W,W,W,W,W,W,W,W,W,W,W,W,W,W,W,W,W,W,W,W,W,W,W,W,W,W,W,W,W,W,W,W,W,78.8,W,76.81,76.3,74.59,W,W,W,78.74,W,79.96,77.65,W,73.75,W,74.7,W,W,74.6,W,W,74.55,W,W,76.95,75.84,76.38,76.91,77.9,77.19,78.52,79.88,80.63,80.48,82.48,84.53,85.4
North Carolina , petroleum coke,dollars per tons,ELEC.COST.PC-NC-99.M,--,--,--,--,--,--,--,--,--,--,--,--,--,--,--,--,--,--,--,--,--,--,--,--,--,--,--,--,--,--,--,--,--,--,--,--,--,--,--,--,--,--,--,--,--,--,--,--,--,--,--,--,--,--,--,--,--,--,--,--,--,--,--,--,--,--,--,--,--,--,--,--,--,--,--,--,--,--,--,--,--,--,--,--,--,--,--,--,--,--,--,--,--,--,--,0,0,0,0,0,0,0,0,0,0,0,0,0,--,0,0,0,--,--,--,--,--,--,--,--,--,--,--,--,--,--,--,--,--,--,--,--,--
South Carolina , coal,dollars per tons,ELEC.COST.COW-SC-99.M,W,W,W,W,W,W,W,W,W,W,W,W,W,W,W,W,W,W,W,W,W,W,W,W,W,W,W,W,W,W,W,W,W,W,W,W,94.07,91.28,94.38,90.48,94.24,91.47,97.19,100,96.25,97.91,99.57,96.75,99.27,100.21,100.9,103.17,W,W,W,W,W,W,W,W,W,W,W,W,W,W,W,W,W,W,W,W,W,W,W,W,W,W,W,W,W,W,W,W,W,W,W,88.77,W,W,W,W,W,89.76,W,W,W,W,W,W,83.72,W,76.03,W,77.14,W,W,W,W,W,82.03,W,80.58,79.64,81.39,81.71,82.94,W,83.48,84.19,84.2,84.78,W,82.05,80.97,82.08,W,W,82.08,81.14,82.81,81.49,W
South Carolina , petroleum coke,dollars per tons,ELEC.COST.PC-SC-99.M,W,W,W,W,W,W,W,W,W,W,W,W,W,W,W,W,W,W,W,W,W,W,W,W,W,W,W,W,W,W,W,W,W,W,W,W,0,0,0,0,0,0,0,0,0,0,0,0,0,0,0,0,0,0,0,0,0,0,0,0,0,0,0,0,0,0,0,0,0,0,0,0,0,0,0,0,0,0,0,0,0,0,0,0,0,0,0,0,0,0,0,0,0,0,0,0,0,0,0,0,0,0,0,0,0,0,0,0,0,0,0,0,0,0,0,0,0,0,0,0,0,0,0,0,0,0,0,0,0,0,0,0,0
Virginia , coal,dollars per tons,ELEC.COST.COW-VA-99.M,W,W,W,W,W,W,W,W,W,W,W,W,W,W,W,W,W,W,W,W,W,W,W,W,W,W,W,W,W,W,W,W,W,W,W,W,W,85.87,86.43,86.7,87.73,87.19,89.68,90.11,89.08,88.66,W,W,W,W,W,W,W,W,W,W,W,W,W,W,W,W,W,W,W,W,W,W,W,W,W,W,71.53,79.5,W,W,W,W,W,W,W,W,W,W,W,67.95,72,W,W,W,W,W,W,W,W,W,W,W,W,W,W,W,W,W,W,W,W,W,W,W,W,W,W,W,W,W,W,W,W,W,59.18,W,58.56,60.26,60.26,W,58.24,W,W,W,53.95,W,W
Virginia , petroleum coke,dollars per tons,ELEC.COST.PC-VA-99.M,--,--,--,--,--,--,--,--,--,--,--,--,--,--,--,--,--,--,--,--,--,--,--,--,--,--,--,--,--,--,--,--,--,--,--,--,--,--,--,--,--,--,--,--,--,--,--,--,--,--,--,--,--,--,--,--,--,--,--,--,--,--,--,--,--,--,--,--,--,--,--,--,--,--,--,--,--,--,--,--,--,--,--,--,--,--,--,--,--,--,--,--,--,--,--,--,--,--,--,--,--,--,--,--,--,--,--,--,--,--,--,--,--,--,--,--,--,--,--,--,--,--,--,--,--,--,--,--,--,--,--,--,--
West Virginia , coal,dollars per tons,ELEC.COST.COW-WV-99.M,W,W,W,W,W,W,W,W,W,W,W,W,W,W,W,W,W,W,W,W,W,W,W,W,W,W,W,W,W,W,W,W,W,W,W,W,56.56,58.7,57.57,56.93,57.38,W,W,63.42,W,60.52,60.85,W,W,W,W,W,W,W,W,W,W,W,W,W,W,W,W,W,W,W,W,W,W,W,W,W,W,W,W,W,W,W,W,W,W,W,W,W,W,W,W,56.84,W,W,W,W,W,W,W,54.88,W,W,W,W,57.8,W,W,54.37,54.6,W,53.7,52.17,53.97,52.19,W,W,53.9,54.61,55.78,53.24,54.05,54.02,53.79,52.91,W,W,W,W,W,W,W,W,W,W,W,W,W
West Virginia , petroleum coke,dollars per tons,ELEC.COST.PC-WV-99.M,W,W,W,W,W,W,W,W,W,W,W,W,W,W,W,W,W,W,W,W,W,W,W,W,W,W,W,W,W,W,W,W,W,W,W,W,0,0,0,0,0,0,0,0,0,0,0,0,0,0,0,0,0,0,0,0,0,0,0,0,0,0,0,0,0,0,0,0,0,0,0,0,0,0,0,0,0,0,0,0,0,0,0,0,0,0,0,0,0,0,0,0,0,0,0,0,0,0,0,0,0,0,0,0,0,0,0,0,0,0,0,0,0,0,0,0,0,0,0,0,0,0,0,0,0,0,0,0,0,0,0,0,0
Alabama , coal,dollars per tons,ELEC.COST.COW-AL-99.M,W,W,W,W,W,W,W,W,W,W,W,W,W,W,W,W,W,W,W,W,W,W,W,W,W,W,W,W,W,W,W,W,W,W,W,W,58.49,58.7,53.81,58.95,62.5,63.71,66.16,65.29,62.48,56.76,57.23,58.36,W,W,W,W,W,W,W,W,W,W,W,W,56.96,58.53,53.64,56.24,57.65,58.75,58.02,57.67,57.54,56.12,54.57,54.76,53.9,54.1,55.86,53.43,58.25,59.14,59.65,59.36,52.93,49.73,48.78,50.31,49.44,47.51,49.33,48.79,47.83,53.73,51.97,50.19,50.01,46.91,47.55,47.91,47.02,49.29,47.62,52.38,49.77,46.56,48.75,47.28,42.33,39.85,43.57,35.58,41.22,41.56,41.95,42.28,41.67,43.53,44.83,43.54,42.82,43.42,39.51,40.5,45.25,45.61,44.6,46.55,41.97,44.19,47.06,40.08,42.62,43.84,39.31,45.73,43.03
Alabama , petroleum coke,dollars per tons,ELEC.COST.PC-AL-99.M,--,--,--,--,--,--,--,--,--,--,--,--,--,--,--,--,--,--,--,--,--,--,--,--,--,--,--,--,--,--,--,--,--,--,--,--,0,--,--,--,--,--,--,--,--,--,--,--,--,--,--,--,--,--,--,--,--,--,--,--,--,--,--,--,--,--,--,--,--,--,--,--,--,--,--,--,--,--,--,--,--,--,--,--,--,--,--,--,--,--,--,--,--,--,--,--,--,--,--,--,--,--,--,--,--,--,--,--,--,--,--,--,--,--,--,--,--,--,--,--,--,--,--,--,--,--,--,--,--,--,--,--,--
Kentucky , coal,dollars per tons,ELEC.COST.COW-KY-99.M,W,W,W,W,W,W,W,W,W,W,W,W,W,W,W,W,W,W,W,W,W,W,W,W,W,W,W,W,W,W,W,W,W,W,W,W,52.34,52.06,51.84,52.84,53.83,52.42,52.9,53.78,53.36,52.82,53.37,54.45,55.34,55.05,54.53,56.38,55.6,54.77,55.45,56.4,54.51,53.17,53.77,52.93,53.88,53.1,53.03,54.01,52.28,53.37,52.68,53.66,52.42,52.69,53.7,54.74,54.04,53.99,54.38,53.6,53.34,53.14,53.16,53.46,53.63,51.58,51.52,52.88,49.95,49.48,50.31,49.02,51.08,50.36,48.48,48.38,48.17,48.2,46.81,47.6,47.34,47.34,47.89,47.03,45.95,47.57,47.92,46.74,46.42,45.34,45.49,46.18,43.23,42.96,41.44,42.43,42.96,44.13,44.7,45.21,45.59,44.98,44,44.89,44.3,43.93,42.79,43.03,42.92,44,42.95,43.97,42.82,43.01,43.39,44.3,43.29
Kentucky , petroleum coke,dollars per tons,ELEC.COST.PC-KY-99.M,W,W,W,W,W,W,W,W,W,W,W,W,W,W,W,W,W,W,W,W,W,W,W,W,W,W,W,W,W,W,W,W,W,W,W,W,W,W,W,W,W,W,W,W,W,W,W,W,W,W,W,W,W,W,W,W,W,W,W,W,W,W,W,W,W,W,W,W,W,W,W,W,W,W,W,W,W,W,W,W,W,W,W,W,W,W,W,W,W,W,W,W,W,W,W,W,W,W,0,0,0,0,0,0,0,W,W,W,W,W,W,W,W,W,0,0,0,0,0,0,0,0,0,0,0,0,0,0,0,0,0,0,0
Mississippi , coal,dollars per tons,ELEC.COST.COW-MS-99.M,W,W,W,W,W,W,W,W,W,W,W,W,W,W,W,W,W,W,W,W,W,W,W,W,W,W,W,W,W,W,W,W,W,W,W,W,W,W,W,W,W,W,W,W,W,W,W,W,W,W,W,W,W,W,W,W,W,W,W,W,W,W,W,W,W,W,W,W,W,W,W,W,W,W,W,W,W,W,W,W,W,W,W,W,W,W,W,W,W,W,W,W,W,W,W,W,W,W,W,W,W,W,W,W,W,W,W,W,W,W,W,W,W,W,W,W,W,W,W,W,W,W,W,W,W,W,W,W,W,W,W,W,W
Mississippi , petroleum coke,dollars per tons,ELEC.COST.PC-MS-99.M,--,--,--,--,--,--,--,--,--,--,--,--,--,--,--,--,--,--,--,--,--,--,--,--,--,--,--,--,--,--,--,--,--,--,--,--,--,--,--,--,--,--,--,--,--,--,--,--,--,--,--,--,--,--,--,--,--,--,--,--,--,--,--,--,--,--,--,--,--,--,--,--,--,--,--,--,--,--,--,--,--,--,--,--,--,--,--,--,--,--,--,--,--,--,--,--,--,--,--,--,--,--,--,--,--,--,--,--,--,--,--,--,--,--,--,--,--,--,--,--,--,--,--,--,--,--,--,--,--,--,--,--,--
Tennessee , coal,dollars per tons,ELEC.COST.COW-TN-99.M,W,W,W,W,W,W,W,W,W,W,W,W,W,W,W,W,W,W,W,W,W,W,W,W,W,W,W,W,W,W,W,W,W,W,W,W,W,W,W,W,W,W,W,W,W,W,W,W,W,W,W,W,W,W,W,W,W,W,W,W,W,W,W,W,W,W,W,W,W,W,W,W,W,W,W,W,W,W,W,W,W,W,W,W,W,W,W,W,W,W,W,W,W,W,W,W,W,W,W,W,W,W,W,W,W,W,W,W,W,W,W,W,W,W,W,W,W,W,W,W,W,W,W,W,W,W,W,W,W,W,W,W,W
Tennessee , petroleum coke,dollars per tons,ELEC.COST.PC-TN-99.M,--,--,--,--,--,--,--,--,--,--,--,--,--,--,--,--,--,--,--,--,--,--,--,--,--,--,--,--,--,--,--,--,--,--,--,--,--,--,--,--,--,--,--,--,--,--,--,--,--,--,--,--,--,--,--,--,--,--,--,--,--,--,--,--,--,--,--,--,--,--,--,--,--,--,--,--,--,--,--,--,--,--,--,--,--,--,--,--,--,--,--,--,--,--,--,--,--,--,--,--,--,--,--,--,--,--,--,--,--,--,--,--,--,--,--,--,--,--,--,--,--,--,--,--,--,--,--,--,--,--,--,--,--
Arkansas , coal,dollars per tons,ELEC.COST.COW-AR-99.M,W,W,W,W,W,W,W,W,W,W,W,W,W,W,W,W,W,W,W,W,W,W,W,W,W,W,W,W,W,W,W,W,W,W,W,W,W,W,32.09,W,W,31.88,32.13,35.24,W,W,W,W,W,W,W,W,W,W,W,W,W,W,W,W,W,W,W,W,W,W,W,W,W,W,W,W,W,W,W,W,40.98,40.15,42.81,42.6,42.08,42.92,42.45,41.97,W,W,W,W,W,W,W,39.3,39.01,W,W,W,38.97,39.6,39.56,36.82,35.16,36.24,38.14,38.15,37.09,36.36,36.12,36.01,35.83,40.45,W,36.21,38.44,35.94,37.38,34.07,W,33.2,32.9,33.81,33.91,33.77,35.44,34.75,32.99,33.9,34.77,34.85,W,W,35.57,35.82,35.66
Arkansas , petroleum coke,dollars per tons,ELEC.COST.PC-AR-99.M,W,W,W,W,W,W,W,W,W,W,W,W,W,W,W,W,W,W,W,W,W,W,W,W,W,W,W,W,W,W,W,W,W,W,W,W,0,0,0,0,0,0,0,0,0,0,0,0,0,0,0,0,0,0,0,0,0,0,0,0,0,0,0,0,0,0,0,0,0,0,0,0,0,0,0,0,0,0,0,0,0,0,0,0,0,0,0,0,0,0,0,0,0,0,0,0,0,0,0,0,0,0,0,0,0,0,0,0,0,0,0,0,0,0,0,0,0,0,0,0,0,0,0,0,0,0,0,0,0,0,0,0,0
Louisiana , coal,dollars per tons,ELEC.COST.COW-LA-99.M,W,W,W,W,W,W,W,W,W,W,W,W,W,W,W,W,W,W,W,W,W,W,W,W,W,W,W,W,W,W,W,W,W,W,W,W,W,W,W,W,W,W,W,W,W,W,W,W,W,W,W,W,W,W,W,W,W,W,W,W,W,W,W,W,W,W,W,W,W,W,W,W,W,W,W,W,W,W,W,W,W,W,W,W,W,W,W,W,W,W,W,W,W,W,W,W,W,W,W,W,W,W,W,W,W,W,W,W,W,W,W,W,W,W,W,W,W,W,W,W,W,W,W,W,W,W,W,W,W,W,W,W,W
Louisiana , petroleum coke,dollars per tons,ELEC.COST.PC-LA-99.M,W,W,W,W,W,W,W,W,W,W,W,W,W,W,W,W,W,W,W,W,W,W,W,W,W,W,W,W,W,W,W,W,W,W,W,W,W,W,W,W,W,W,W,W,W,W,W,W,W,W,W,W,W,W,W,W,W,W,W,W,W,W,W,W,W,W,W,W,W,W,W,W,W,W,W,W,W,W,W,W,W,W,W,W,W,W,W,W,W,W,W,W,W,W,W,W,W,W,W,W,W,W,W,W,W,W,W,W,W,W,W,W,W,W,W,W,W,W,W,W,W,W,W,W,W,W,W,W,W,W,W,W,W
Oklahoma , coal,dollars per tons,ELEC.COST.COW-OK-99.M,W,W,W,W,W,W,W,W,W,W,W,W,W,W,W,W,W,W,W,W,W,W,W,W,W,W,W,W,W,W,W,W,W,W,W,W,30.03,29.94,W,30.49,30.69,W,W,W,32.14,31.68,31.52,33.24,W,W,W,W,W,W,W,34.92,W,W,W,W,W,W,W,W,W,W,W,W,W,W,W,W,W,W,W,W,W,W,W,W,W,W,W,W,35.07,35.54,34.39,35.26,34.49,33.91,34.03,W,W,W,34.27,33.72,W,33.04,W,W,W,34.74,31.78,33.53,W,W,W,W,W,W,33.79,W,W,W,W,W,30.63,W,W,W,W,W,W,W,W,W,W,W,W,W,W,W,W
Oklahoma , petroleum coke,dollars per tons,ELEC.COST.PC-OK-99.M,W,W,W,W,W,W,W,W,W,W,W,W,W,W,W,W,W,W,W,W,W,W,W,W,W,W,W,W,W,W,W,W,W,W,W,W,W,W,W,W,W,W,W,W,W,W,W,W,0,0,0,0,0,0,0,0,0,0,0,0,0,0,0,0,0,0,0,0,0,0,0,0,0,0,0,0,0,0,0,0,0,0,0,0,0,0,0,0,0,0,0,0,0,0,0,0,0,0,0,0,0,0,0,0,0,0,0,0,0,0,0,0,0,0,0,0,0,0,0,0,0,0,0,0,0,0,0,0,0,0,0,0,0
Texas , coal,dollars per tons,ELEC.COST.COW-TX-99.M,W,W,W,W,W,W,W,W,W,W,W,W,W,W,W,W,W,W,W,W,W,W,W,W,W,W,W,W,W,W,W,W,W,W,W,W,28.38,27.88,W,W,W,W,W,W,W,W,W,W,29.66,28.47,28.79,28.73,29.63,28.56,29.52,29.2,28.48,28.32,28.78,28.72,30.45,30.09,32.55,31.75,30.23,30.13,30.57,29.47,29.69,29.99,30.26,28.98,30.72,30.36,31.31,30.14,31,30.84,30.55,30.02,31.68,31.43,30.66,29.67,32.04,31.45,32.18,29.99,30.47,30.52,31.16,31.39,30.76,28.83,29.33,28.29,26.64,25.55,27.45,24.79,26.47,26.12,27.75,27.86,28.43,28.5,29.39,27.69,28,27.85,W,W,26.89,27.34,27.91,27.53,26.42,26.77,26.49,26.09,27.23,29.47,29.82,26.83,27.23,27.51,27.99,27.47,27.64,27.61,26.72,29,29.59
Texas , petroleum coke,dollars per tons,ELEC.COST.PC-TX-99.M,W,W,W,W,W,W,W,W,W,W,W,W,W,W,W,W,W,W,W,W,W,W,W,W,W,W,W,W,W,W,W,W,W,W,W,W,W,W,W,W,W,W,W,W,W,W,W,W,W,0,W,W,W,W,W,W,W,W,W,W,W,W,W,W,W,W,W,W,W,0,0,0,0,0,0,0,0,0,0,0,0,0,0,0,0,0,0,0,0,0,0,0,0,0,0,0,0,0,0,0,0,0,0,0,0,0,0,0,0,0,0,0,0,0,0,0,0,0,0,0,0,0,0,0,0,0,0,0,0,0,0,0,0
Arizona , coal,dollars per tons,ELEC.COST.COW-AZ-99.M,W,W,W,W,W,W,W,W,W,W,W,W,W,W,W,W,W,W,W,W,W,W,W,W,W,W,W,W,W,W,W,W,W,W,W,W,W,W,W,W,W,W,W,W,W,W,W,W,W,W,W,W,W,W,W,W,W,38.99,40.06,40.67,40.41,39.93,41.1,40.43,39.3,41.41,40.58,39.5,41.28,40.96,40.22,40.93,40.45,43.18,40.59,41.62,40.87,40.94,41.95,40.4,40.17,39.85,39.85,40.37,41.11,39.63,39.77,39.75,41.21,41.22,40.76,38.55,38.14,37.58,39.01,38.61,42.57,41.47,41.57,42.47,41.64,41.72,41.05,41.09,41.77,40.33,42,40.49,42.57,44.72,42.79,43.41,46.14,43.88,44.66,41.16,43.02,43.55,42.58,43.35,47.37,47.88,47.14,46.16,51.63,48.48,47.92,47.62,45.63,46.72,44.2,48.95,51.94
Arizona , petroleum coke,dollars per tons,ELEC.COST.PC-AZ-99.M,W,W,W,W,W,W,W,W,W,W,W,W,W,W,W,W,W,W,W,W,W,W,W,W,W,W,W,W,W,W,W,W,W,W,W,W,0,0,0,0,0,0,0,0,0,0,0,0,--,--,--,--,--,--,--,--,--,--,--,--,--,--,--,--,--,--,--,--,--,--,--,--,--,--,--,--,--,--,--,--,--,--,--,--,--,--,--,--,--,--,--,--,--,--,--,--,--,--,--,--,--,--,--,--,--,--,--,--,--,--,--,--,--,--,--,--,--,--,--,--,--,--,--,--,--,--,--,--,--,--,--,--,--
Colorado , coal,dollars per tons,ELEC.COST.COW-CO-99.M,W,W,W,W,W,W,W,W,W,W,W,W,W,W,W,W,W,W,W,W,W,W,W,W,W,W,W,W,W,W,W,W,W,W,W,W,W,W,W,W,W,W,W,W,W,W,W,W,35.81,36.18,34.94,34.76,33.79,34.45,34.83,34.98,35.08,34.85,35.06,35.18,35.89,35.37,35.82,36.32,36.91,37.35,35.65,36.79,35.93,36.22,35.66,36.79,36.12,35.73,35.48,36.36,34.95,38.4,39.31,38.94,40.23,37.27,35.41,35.19,34.86,34.99,34.91,30.44,33.64,37.97,36.19,35.44,33.52,32.92,34.8,34.45,34.04,34.55,36.88,38.8,34.9,38.24,34.08,35.92,36.44,32.89,32.36,29.91,34.12,32.95,35.89,35.69,34.52,34.22,30.61,31.5,30.32,32.02,33.18,30.73,30.1,31.35,29.39,28.75,28.85,30.96,30.97,32.39,31.52,27.99,29.11,28.89,33.13
Colorado , petroleum coke,dollars per tons,ELEC.COST.PC-CO-99.M,--,--,--,--,--,--,--,--,--,--,--,--,--,--,--,--,--,--,--,--,--,--,--,--,--,--,--,--,--,--,--,--,--,--,--,--,--,--,--,--,--,--,--,--,--,--,--,--,--,--,--,--,--,--,--,--,--,--,--,--,--,--,--,--,--,--,--,--,--,--,--,--,--,--,--,--,--,--,--,--,--,--,--,--,--,--,--,--,--,--,--,--,--,--,--,--,--,--,--,--,--,--,--,--,--,--,--,--,--,--,--,--,--,--,--,--,--,--,--,--,--,--,--,--,--,--,--,--,--,--,--,--,--
Idaho , coal,dollars per tons,ELEC.COST.COW-ID-99.M,W,W,W,W,W,W,W,W,W,W,W,W,W,W,W,W,W,W,W,W,W,W,W,W,W,W,W,W,W,W,W,W,W,W,W,W,W,W,W,W,W,W,W,W,W,W,W,W,0,0,0,0,0,0,0,0,0,0,0,0,0,0,0,0,0,0,0,0,0,0,0,0,0,0,0,0,0,0,0,0,0,0,0,0,0,0,0,0,0,0,0,0,0,0,0,0,0,0,0,0,0,0,0,0,0,0,0,0,0,0,0,0,0,0,0,0,0,0,0,0,0,0,0,0,0,0,0,0,0,0,0,0,0
Idaho , petroleum coke,dollars per tons,ELEC.COST.PC-ID-99.M,--,--,--,--,--,--,--,--,--,--,--,--,--,--,--,--,--,--,--,--,--,--,--,--,--,--,--,--,--,--,--,--,--,--,--,--,--,--,--,--,--,--,--,--,--,--,--,--,--,--,--,--,--,--,--,--,--,--,--,--,--,--,--,--,--,--,--,--,--,--,--,--,--,--,--,--,--,--,--,--,--,--,--,--,--,--,--,--,--,--,--,--,--,--,--,--,--,--,--,--,--,--,--,--,--,--,--,--,--,--,--,--,--,--,--,--,--,--,--,--,--,--,--,--,--,--,--,--,--,--,--,--,--
Montana , coal,dollars per tons,ELEC.COST.COW-MT-99.M,W,W,W,W,W,W,W,W,W,W,W,W,W,W,W,W,W,W,W,W,W,W,W,W,W,W,W,W,W,W,W,W,W,W,W,W,W,W,W,W,W,W,W,W,W,W,W,W,W,W,W,W,W,W,W,W,W,W,W,W,W,W,W,W,W,W,W,W,W,W,W,W,W,W,W,W,W,W,W,W,W,W,W,W,W,W,W,W,W,W,W,W,W,W,W,W,W,W,W,W,W,W,W,W,W,W,W,W,W,W,W,W,W,W,W,W,W,W,W,W,W,W,W,W,W,W,W,W,W,W,W,W,W
Montana , petroleum coke,dollars per tons,ELEC.COST.PC-MT-99.M,W,W,W,W,W,W,W,W,W,W,W,W,W,W,W,W,W,W,W,W,W,W,W,W,W,W,W,W,W,W,W,W,W,W,W,W,W,W,W,W,W,W,W,W,W,W,W,W,W,W,W,W,W,W,W,W,W,W,W,W,0,0,0,0,0,0,0,0,0,0,0,0,0,0,0,0,0,0,0,0,0,0,0,0,0,0,0,0,0,0,0,0,0,0,0,0,0,0,0,0,0,0,0,0,0,0,0,0,0,0,0,0,0,0,0,0,0,0,0,0,0,0,0,0,0,0,0,0,0,0,0,0,0
Nevada , coal,dollars per tons,ELEC.COST.COW-NV-99.M,W,W,W,W,W,W,W,W,W,W,W,W,W,W,W,W,W,W,W,W,W,W,W,W,W,W,W,W,W,W,W,W,W,W,W,W,W,W,W,W,W,W,W,W,W,W,W,W,W,W,W,W,W,W,W,W,W,W,W,W,W,W,W,W,W,W,W,W,W,W,W,W,W,W,W,W,W,W,W,W,W,W,W,W,W,W,W,W,W,W,W,W,W,W,W,W,W,W,W,W,W,W,W,W,W,W,W,W,W,W,W,W,W,W,W,W,W,W,W,W,W,W,W,W,W,W,W,W,W,W,W,W,W
Nevada , petroleum coke,dollars per tons,ELEC.COST.PC-NV-99.M,--,--,--,--,--,--,--,--,--,--,--,--,--,--,--,--,--,--,--,--,--,--,--,--,--,--,--,--,--,--,--,--,--,--,--,--,--,--,--,--,--,--,--,--,--,--,--,--,--,--,--,--,--,--,--,--,--,--,--,--,--,--,--,--,--,--,--,--,--,--,--,--,--,--,--,--,--,--,--,--,--,--,--,--,--,--,--,--,--,--,--,--,--,--,--,--,--,--,--,--,--,--,--,--,--,--,--,--,--,--,--,--,--,--,--,--,--,--,--,--,--,--,--,--,--,--,--,--,--,--,--,--,--
New Mexico , coal,dollars per tons,ELEC.COST.COW-NM-99.M,W,W,W,W,W,W,W,W,W,W,W,W,W,W,W,W,W,W,W,W,W,W,W,W,W,W,W,W,W,W,W,W,W,W,W,W,36.26,36.21,36.33,37.79,38.46,39.36,39.15,37.98,38.56,39.18,38.98,38.06,40.02,W,W,42.36,40.57,39.38,40.58,41.36,38.72,37.6,38.29,38.38,W,41.66,39.74,42.93,W,41.33,W,41.77,42,39.96,39.39,W,46.01,39.96,41.05,43.95,44.04,W,41,44.62,43.06,W,46.19,W,44.35,43.05,42.44,42.05,W,W,42.29,43.36,43.77,41.48,W,42,43.51,31.27,31.63,W,30.9,29.35,35.49,33.95,35.83,37.33,38.52,W,W,30.91,W,W,36.16,35.94,39.11,40.26,36.91,36.08,39.47,33.76,45.55,W,43.11,44.61,44.48,46.34,W,W,W,W,W,W,49.31
New Mexico , petroleum coke,dollars per tons,ELEC.COST.PC-NM-99.M,--,--,--,--,--,--,--,--,--,--,--,--,--,--,--,--,--,--,--,--,--,--,--,--,--,--,--,--,--,--,--,--,--,--,--,--,--,--,--,--,--,--,--,--,--,--,--,--,--,--,--,--,--,--,--,--,--,--,--,--,--,--,--,--,--,--,--,--,--,--,--,--,--,--,--,--,--,--,--,--,--,--,--,--,--,--,--,--,--,--,--,--,--,--,--,--,--,--,--,--,--,--,--,--,--,--,--,--,--,--,--,--,--,--,--,--,--,--,--,--,--,--,--,--,--,--,--,--,--,--,--,--,--
Utah , coal,dollars per tons,ELEC.COST.COW-UT-99.M,W,W,W,W,W,W,W,W,W,W,W,W,W,W,W,W,W,W,W,W,W,W,W,W,W,W,W,W,W,W,W,W,W,W,W,W,40.13,W,40.53,42.08,39.32,38.4,38.57,40.62,43.71,35.35,37.17,38.72,42.76,44.12,W,W,W,W,W,W,W,W,W,W,41.25,49.17,W,W,W,W,W,W,W,W,46.81,45.21,47.97,W,W,W,W,W,W,W,W,W,46.15,47.05,42.81,W,W,W,W,W,W,W,W,W,39.06,41.84,43.5,W,W,W,W,W,W,W,W,W,40.6,41.76,41.83,42.42,41.97,41.71,W,W,W,W,W,W,44.5,41.32,44.3,44.25,44.44,44.26,44.2,44.59,44.71,44.42,43.47,42.51,43.49,43,42.27
Utah , petroleum coke,dollars per tons,ELEC.COST.PC-UT-99.M,--,--,--,--,--,--,--,--,--,--,--,--,--,--,--,--,--,--,--,--,--,--,--,--,--,--,--,--,--,--,--,--,--,--,--,--,--,--,--,--,--,--,--,--,--,--,--,--,--,--,--,--,--,--,--,--,--,--,--,--,--,--,--,--,--,--,--,--,--,--,--,--,--,--,--,--,--,--,--,--,--,--,--,--,--,--,--,--,--,--,--,--,--,--,--,--,--,--,--,--,--,--,--,--,--,--,--,--,--,--,--,--,--,--,--,--,--,--,--,--,--,--,--,--,--,--,--,--,--,--,--,--,--
Wyoming , coal,dollars per tons,ELEC.COST.COW-WY-99.M,W,W,W,W,W,W,W,W,W,W,W,W,W,W,W,W,W,W,W,W,W,W,W,W,W,W,W,W,W,W,W,W,W,W,W,W,26.58,25.87,26.28,27.94,24.2,23.08,25.53,26.45,28.37,31.38,28.87,28.03,W,W,W,W,W,W,W,W,W,W,W,W,W,W,W,W,W,W,W,W,W,W,W,W,W,W,W,W,W,W,W,W,W,W,W,W,W,W,W,W,W,W,W,W,W,W,W,W,W,W,W,W,W,W,W,W,W,W,W,W,W,W,W,W,W,W,W,W,W,W,W,W,W,W,W,W,W,W,W,W,W,W,W,W,W
Wyoming , petroleum coke,dollars per tons,ELEC.COST.PC-WY-99.M,--,--,--,--,--,--,--,--,--,--,--,--,--,--,--,--,--,--,--,--,--,--,--,--,--,--,--,--,--,--,--,--,--,--,--,--,--,--,--,--,--,--,--,--,--,--,--,--,--,--,--,--,--,--,--,--,--,--,--,--,--,--,--,--,--,--,--,--,--,--,--,--,--,--,--,--,--,--,--,--,--,--,--,--,--,--,--,--,--,--,--,--,--,--,--,--,--,--,--,--,--,--,--,--,--,--,--,--,--,--,--,--,--,--,--,--,--,--,--,--,--,--,--,--,--,--,--,--,--,--,--,--,--
California , coal,dollars per tons,ELEC.COST.COW-CA-99.M,W,W,W,W,W,W,W,W,W,W,W,W,W,W,W,W,W,W,W,W,W,W,W,W,W,W,W,W,W,W,W,W,W,W,W,W,W,W,W,73.17,W,W,W,W,W,W,W,W,W,81.36,W,W,W,W,W,W,W,W,W,W,W,W,W,W,W,W,W,W,W,W,W,W,W,W,W,W,W,W,W,W,W,W,W,W,W,W,W,W,W,W,W,W,W,W,W,W,W,W,W,W,W,W,W,W,W,W,W,W,W,W,W,W,W,W,W,W,W,W,W,W,W,W,W,W,W,W,W,W,W,W,W,W,W
California , petroleum coke,dollars per tons,ELEC.COST.PC-CA-99.M,W,W,W,W,W,W,W,W,W,W,W,W,W,W,W,W,W,W,W,W,W,W,W,W,W,W,W,W,W,W,W,W,W,W,W,W,W,W,W,W,W,W,W,W,W,W,W,W,W,W,W,0,0,0,0,0,0,0,0,0,0,0,0,0,0,0,0,0,0,0,0,0,0,0,0,0,0,0,0,0,0,0,0,0,0,0,0,0,0,0,0,0,0,0,0,0,0,0,0,0,0,0,0,0,0,0,0,0,0,0,0,0,0,0,0,0,0,0,0,0,0,0,0,0,0,0,0,0,0,0,0,0,0
Oregon , coal,dollars per tons,ELEC.COST.COW-OR-99.M,W,W,W,W,W,W,W,W,W,W,W,W,W,W,W,W,W,W,W,W,W,W,W,W,W,W,W,W,W,W,W,W,W,W,W,W,W,W,W,W,0,0,W,W,W,W,W,W,W,W,W,0,0,0,0,W,W,W,W,W,W,W,W,W,0,W,W,W,W,W,W,W,W,W,W,W,W,W,W,W,W,W,W,W,W,W,W,0,W,W,W,W,W,W,W,W,W,W,0,0,0,W,W,W,W,W,W,W,W,W,W,0,0,0,0,W,W,W,W,W,0,0,0,0,0,W,W,0,W,W,W,W,W
Oregon , petroleum coke,dollars per tons,ELEC.COST.PC-OR-99.M,--,--,--,--,--,--,--,--,--,--,--,--,--,--,--,--,--,--,--,--,--,--,--,--,--,--,--,--,--,--,--,--,--,--,--,--,--,--,--,--,--,--,--,--,--,--,--,--,--,--,--,--,--,--,--,--,--,--,--,--,--,--,--,--,--,--,--,--,--,--,--,--,--,--,--,--,--,--,--,--,--,--,--,--,--,--,--,--,--,--,--,--,--,--,--,--,--,--,--,--,--,--,--,--,--,--,--,--,--,--,--,--,--,--,--,--,--,--,--,--,--,--,--,--,--,--,--,--,--,--,--,--,--
Washington , coal,dollars per tons,ELEC.COST.COW-WA-99.M,W,W,W,W,W,W,W,W,W,W,W,W,W,W,W,W,W,W,W,W,W,W,W,W,W,W,W,W,W,W,W,W,W,W,W,W,W,W,W,W,W,W,W,W,W,W,W,W,W,W,W,W,W,W,W,W,W,W,W,W,W,W,W,W,0,W,W,W,W,W,W,W,W,W,W,W,W,W,W,W,W,W,W,W,W,W,W,W,W,W,W,W,W,W,W,W,W,W,W,W,W,W,W,W,W,W,W,W,W,W,W,W,W,W,W,W,W,W,W,W,W,W,W,W,W,W,W,W,W,W,W,W,W
Washington , petroleum coke,dollars per tons,ELEC.COST.PC-WA-99.M,--,--,--,--,--,--,--,--,--,--,--,--,--,--,--,--,--,--,--,--,--,--,--,--,--,--,--,--,--,--,--,--,--,--,--,--,--,--,--,--,--,--,--,--,--,--,--,--,--,--,--,--,--,--,--,--,--,--,--,--,--,--,--,--,--,--,--,--,--,--,--,--,--,--,--,--,--,--,--,--,--,--,--,--,--,--,--,--,--,--,--,--,--,--,--,--,--,--,--,--,--,--,--,--,--,--,--,0,0,0,0,0,0,0,0,0,0,0,0,0,0,0,0,0,0,0,0,0,0,0,0,0,0
Alaska , coal,dollars per tons,ELEC.COST.COW-AK-99.M,W,W,W,W,W,W,W,W,W,W,W,W,W,W,W,W,W,W,W,W,W,W,W,W,W,W,W,W,W,W,W,W,W,W,W,W,W,27.57,W,W,W,W,W,28.39,W,29.99,29.05,W,0,0,0,0,0,0,0,0,0,0,0,0,0,0,0,0,0,0,0,0,0,0,0,0,0,0,0,0,0,0,0,0,0,0,0,0,0,0,0,0,0,W,W,W,W,W,W,W,W,W,W,W,W,W,W,W,W,W,W,W,W,W,W,W,W,0,W,W,W,W,W,W,W,W,W,W,W,W,W,W,W,W,W,W,W
Alaska , petroleum coke,dollars per tons,ELEC.COST.PC-AK-99.M,--,--,--,--,--,--,--,--,--,--,--,--,--,--,--,--,--,--,--,--,--,--,--,--,--,--,--,--,--,--,--,--,--,--,--,--,--,--,--,--,--,--,--,--,--,--,--,--,--,--,--,--,--,--,--,--,--,--,--,--,--,--,--,--,--,--,--,--,--,--,--,--,--,--,--,--,--,--,--,--,--,--,--,--,--,--,--,--,--,--,--,--,--,--,--,--,--,--,--,--,--,--,--,--,--,--,--,--,--,--,--,--,--,--,--,--,--,--,--,--,--,--,--,--,--,--,--,--,--,--,--,--,--
Hawaii , coal,dollars per tons,ELEC.COST.COW-HI-99.M,W,W,W,W,W,W,W,W,W,W,W,W,W,W,W,W,W,W,W,W,W,W,W,W,W,W,W,W,W,W,W,W,W,W,W,W,W,W,W,W,W,W,W,W,W,W,W,W,W,0,W,W,W,W,W,W,W,W,0,W,W,W,W,W,W,W,W,W,W,W,W,W,W,W,W,W,W,W,W,W,W,W,W,W,0,W,W,W,W,0,W,W,W,W,W,0,W,W,W,W,W,0,W,W,W,W,W,W,0,W,W,W,W,W,W,W,0,W,W,W,W,W,W,W,W,W,W,W,W,W,W,W,W
Hawaii , petroleum coke,dollars per tons,ELEC.COST.PC-HI-99.M,--,--,--,--,--,--,--,--,--,--,--,--,--,--,--,--,--,--,--,--,--,--,--,--,--,--,--,--,--,--,--,--,--,--,--,--,--,--,--,--,--,--,--,--,--,--,--,--,--,--,--,--,--,--,--,--,--,--,--,--,--,--,--,--,--,--,--,--,--,--,--,--,--,--,--,--,--,--,--,--,--,--,--,--,--,--,--,--,--,--,--,--,--,--,--,--,--,--,--,--,--,--,--,--,--,--,--,--,--,--,--,--,--,--,--,--,--,--,--,--,--,--,--,--,--,--,--,--,--,--,--,--,--
